area_id,center_lat,center_lon,cell_area_km2,main_road_name,notable_places,total_pois,competitor_supermarkets,competitor_convenience,restaurants_cafes,pharmacies,schools,banks,road_density_km,population,est_population_density,nearest_competitor_km,nearest_supermarket_km,nearest_warehouse_km,competitors_within_1km,suitability_score,road_importance_score,max_road_class,major_road_segments,predicted_score
grid_0_0,30.0165,31.3015,0.1109,شارع 17,ليالي كافيه,1,0,0,1,0,0,0,1.792,492.7,5131.0,0.886,0.886,4.18,1,59.83,0.898127818651062,1.0,0.0,59.740704
grid_0_1,30.0165,31.3045,0.1109,شارع 17,,0,0,0,0,0,0,0,1.662,479.2,4991.2,0.887,0.887,4.0,1,58.26,2.657506056676222,5.0,0.0,58.213108
grid_0_2,30.0165,31.3075,0.1109,Unknown,,0,0,0,0,0,0,0,1.082,595.9,6205.9,0.977,0.977,3.834,1,57.16,1.4709889274658512,1.0,0.0,57.157635
grid_0_3,30.0165,31.3105,0.1109,Unknown,,0,0,0,0,0,0,0,0.766,577.3,6012.8,1.132,1.135,3.683,0,56.53,9.446515353191664,5.0,0.0,56.546947
grid_0_4,30.0165,31.3135,0.1109,شارع 17,,0,0,0,0,0,0,0,2.197,530.4,5523.8,1.017,1.338,3.549,0,59.39,1.5056920847436237,5.0,0.0,59.480865
grid_0_5,30.0165,31.3165,0.1109,شارع التلاتيني,,0,0,0,0,0,0,0,1.655,460.0,4790.9,0.976,1.568,3.434,1,56.85,0.3356457166918407,5.0,0.0,56.95552
grid_0_6,30.0165,31.3195,0.1109,شارع التلاتيني,,0,0,0,0,0,0,0,0.684,440.2,4584.2,1.019,1.815,3.341,0,53.46,0.0,0.0,0.0,53.48979
grid_0_7,30.0165,31.3225,0.1109,شارع النصر,,0,0,0,0,0,0,0,2.063,519.3,5408.4,1.136,2.072,3.27,0,59.13,2.564288567651355,1.0,0.0,59.04072
grid_0_8,30.0165,31.3255,0.1109,شارع طلائع المستقبل,,0,0,0,0,0,0,0,2.045,627.0,6530.2,1.308,2.338,3.223,0,59.09,24.62261956158634,5.0,0.0,59.04044
grid_0_9,30.0165,31.3285,0.1109,شارع صلاح الدين عبد القادر,,0,0,0,0,0,0,0,2.145,560.1,5833.8,1.516,2.364,3.203,0,59.29,3.150774664892493,1.0,0.0,59.27923
grid_0_10,30.0165,31.3315,0.1109,شارع التلاتيني,,0,0,0,0,0,0,0,3.639,583.2,6073.8,1.747,2.12,3.208,0,62.28,4.047683443716313,1.0,0.0,62.28305
grid_0_11,30.0165,31.3345,0.1109,شارع التلاتيني,,0,0,0,0,0,0,0,2.932,540.2,5625.7,1.832,1.832,3.239,0,60.86,3.5340311048195128,5.0,0.0,60.86741
grid_0_12,30.0165,31.3375,0.1109,طريق الميثاق,,0,0,0,0,0,0,0,1.292,463.1,4823.3,1.544,1.544,3.295,0,56.35,0.0,0.0,0.0,56.35243
grid_0_13,30.0165,31.3405,0.1109,طريق الميثاق,,0,0,0,0,0,0,0,0.082,618.5,6441.6,1.256,1.256,3.374,0,55.16,0.0,0.0,0.0,55.26406
grid_0_14,30.0165,31.3435,0.1109,كوبرى الميثاق,,0,0,0,0,0,0,0,1.642,1020.0,10623.3,0.969,0.969,3.477,1,58.28,14.468610490943536,8.0,4.0,58.241867
grid_0_15,30.0165,31.3465,0.1109,محور الشهيد,,0,0,0,0,0,0,0,4.466,888.8,9256.7,0.684,0.684,3.599,1,63.93,20.09001873684896,7.0,9.0,63.933556
grid_0_16,30.0165,31.3495,0.1109,طريق الجيش,,0,0,0,0,0,0,0,0.965,666.9,6946.1,0.403,0.403,3.74,1,56.93,4.0451656691110855,7.0,1.0,56.969013
grid_0_17,30.0165,31.3525,0.1109,طريق الجيش,,0,0,0,0,0,0,0,0.643,612.6,6379.7,0.157,0.157,3.897,1,56.29,0.0,0.0,0.0,56.35582
grid_0_18,30.0165,31.3555,0.1109,Unknown,,0,0,0,0,0,0,0,0.0,632.1,6583.7,0.231,0.231,4.069,1,55.0,0.0,0.0,0.0,54.998955
grid_0_19,30.0165,31.3585,0.1109,Unknown,,0,0,0,0,0,0,0,0.0,561.5,5848.1,0.499,0.499,4.253,1,55.0,0.0,0.0,0.0,54.99702
grid_0_20,30.0165,31.3615,0.1109,Unknown,,0,0,0,0,0,0,0,0.0,559.4,5825.9,0.782,0.782,4.448,1,55.0,0.0,0.0,0.0,55.001446
grid_0_21,30.0165,31.3645,0.1109,Unknown,,0,0,0,0,0,0,0,0.0,551.9,5747.9,1.068,1.068,4.654,0,55.0,0.0,0.0,0.0,54.862923
grid_0_22,30.0165,31.3675,0.1109,محور المشير محمد على فهمي,,0,0,0,0,0,0,0,1.249,431.2,4490.5,1.356,1.356,4.725,0,53.93,3.4145907306918697,7.0,2.0,53.95837
grid_0_23,30.0165,31.3705,0.1109,Unknown,,0,0,0,0,0,0,0,1.13,403.8,4205.7,1.643,1.643,4.627,0,51.7,0.0871304985867559,2.0,0.0,51.49037
grid_0_24,30.0165,31.3735,0.1109,Unknown,,0,0,0,0,0,0,0,0.4,370.6,3860.0,1.932,1.932,4.545,0,47.82,2.150350415732816,3.0,0.0,47.802975
grid_0_25,30.0165,31.3765,0.1109,Unknown,,0,0,0,0,0,0,0,0.953,338.2,3522.7,2.22,2.22,4.48,0,46.56,1.8966947864187,3.0,0.0,46.48194
grid_0_26,30.0165,31.3795,0.1109,Unknown,,0,0,0,0,0,0,0,0.0,281.7,2933.4,2.436,2.436,4.433,0,40.53,0.0,0.0,0.0,40.602516
grid_0_27,30.0165,31.3825,0.1109,Unknown,,0,0,0,0,0,0,0,0.0,264.6,2755.8,2.501,2.501,4.404,0,39.29,0.0,0.0,0.0,39.407593
grid_0_28,30.0165,31.3855,0.1109,Unknown,,0,0,0,0,0,0,0,0.0,318.5,3317.4,2.596,2.596,4.394,0,43.22,0.0,0.0,0.0,43.16842
grid_0_29,30.0165,31.3885,0.1109,Unknown,,0,0,0,0,0,0,0,0.0,405.3,4221.6,2.659,2.659,4.404,0,49.55,10.7108800629287,9.0,6.0,49.50605
grid_0_30,30.0165,31.3915,0.1109,محور الدكتوره سميره موسى,,0,0,0,0,0,0,0,1.957,437.5,4556.1,2.565,2.565,4.432,0,55.81,21.792922591164363,9.0,10.0,55.766174
grid_0_31,30.0165,31.3945,0.1109,Unknown,,0,0,0,0,0,0,0,0.732,474.2,4938.7,2.5,2.5,4.478,0,56.03,3.872357405036184,9.0,2.0,56.054424
grid_0_32,30.0165,31.3975,0.1109,Unknown,,0,0,0,0,0,0,0,0.368,538.0,5602.7,2.468,2.468,4.543,0,55.74,15.631791843704884,9.0,3.0,55.723747
grid_0_33,30.0165,31.4005,0.1109,Unknown,كرك بوي,1,0,0,1,0,0,0,0.0,455.9,4748.5,2.414,2.414,4.624,0,54.49,20.489704861226897,9.0,8.0,54.555283
grid_0_34,30.0165,31.4035,0.1109,Unknown,,0,0,0,0,0,0,0,0.0,46.3,482.3,2.127,2.127,4.722,0,23.38,8.595902585021403,9.0,2.0,23.380547
grid_0_35,30.0165,31.4065,0.1109,شارع قاسم امين,,0,0,0,0,0,0,0,1.329,43.7,455.5,1.84,1.84,4.835,0,25.85,5.472898429062146,9.0,2.0,25.7657
grid_0_36,30.0165,31.4095,0.1109,شارع مي زيادة,Moka Bistro,1,0,0,1,0,0,0,1.269,61.7,642.3,1.554,1.554,4.963,0,28.28,7.15288478323343,9.0,5.0,28.381767
grid_0_37,30.0165,31.4125,0.1109,شارع الشيخ المراغى,بنك كريدى أجريكول; ماندرين قويدر; بول; ستاربكس; كارفور; بنك إن إس جى بى,18,2,0,12,1,0,2,2.218,75.1,782.3,1.27,1.27,5.103,0,42.16,14.677915701347889,9.0,10.0,42.15844
grid_0_38,30.0165,31.4155,0.1109,شارع مي زيادة,,0,0,0,0,0,0,0,1.584,79.8,831.0,0.988,0.988,5.256,1,28.98,11.248761194251763,9.0,8.0,29.027943
grid_0_39,30.0165,31.4185,0.1109,شارع سليمان بن حرب,,0,0,0,0,0,0,0,1.789,86.8,904.0,0.711,0.711,5.42,1,29.91,9.644904883629865,9.0,6.0,29.792442
grid_1_0,30.0195,31.3015,0.1109,طريق اب تاون كايرو,,0,0,0,0,0,0,0,1.616,347.9,3623.6,1.217,1.217,3.93,0,48.6,0.0,0.0,0.0,48.712803
grid_1_1,30.0195,31.3045,0.1109,طريق اب تاون كايرو,,0,0,0,0,0,0,0,1.224,361.7,3767.1,1.217,1.217,3.738,0,48.82,0.0,0.0,0.0,48.442398
grid_1_2,30.0195,31.3075,0.1109,طريق اب تاون كايرو,,0,0,0,0,0,0,0,0.943,432.1,4500.6,1.284,1.284,3.56,0,53.39,0.0,0.0,0.0,53.308533
grid_1_3,30.0195,31.3105,0.1109,طريق اب تاون كايرو,,0,0,0,0,0,0,0,0.472,501.2,5219.6,1.408,1.408,3.397,0,55.94,0.0,0.0,0.0,55.914055
grid_1_4,30.0195,31.3135,0.1109,Unknown,,0,0,0,0,0,0,0,1.8,506.5,5275.4,1.34,1.576,3.251,0,58.6,0.0,0.0,0.0,58.53095
grid_1_5,30.0195,31.3165,0.1109,Unknown,,0,0,0,0,0,0,0,1.827,463.4,4826.5,1.31,1.776,3.126,0,57.44,0.0,0.0,0.0,57.537823
grid_1_6,30.0195,31.3195,0.1109,شارع التلاتيني,,0,0,0,0,0,0,0,0.842,375.9,3915.4,1.342,1.997,3.022,0,49.09,0.0,0.0,0.0,49.27592
grid_1_7,30.0195,31.3225,0.1109,شارع التلاتيني,,0,0,0,0,0,0,0,1.694,382.3,3981.2,1.433,2.234,2.944,0,51.26,0.6964976560525817,1.0,0.0,51.409653
grid_1_8,30.0195,31.3255,0.1109,شارع التلاتيني,,0,0,0,0,0,0,0,2.922,394.9,4112.5,1.573,2.135,2.892,0,54.63,1.0347017926550643,1.0,0.0,54.59642
grid_1_9,30.0195,31.3285,0.1109,شارع التلاتيني,,0,0,0,0,0,0,0,3.089,432.1,4500.0,1.749,2.041,2.869,0,57.68,0.0194936987327191,1.0,0.0,57.629856
grid_1_10,30.0195,31.3315,0.1109,طريق الميثاق,,0,0,0,0,0,0,0,0.825,406.0,4228.8,1.953,1.954,2.875,0,51.25,0.0,0.0,0.0,51.10785
grid_1_11,30.0195,31.3345,0.1109,طريق الميثاق,,0,0,0,0,0,0,0,0.149,284.7,2964.8,1.839,1.839,2.909,0,41.05,0.0,0.0,0.0,41.14097
grid_1_12,30.0195,31.3375,0.1109,Unknown,,0,0,0,0,0,0,0,0.0,194.0,2020.9,1.553,1.553,2.971,0,34.15,0.0,0.0,0.0,34.443295
grid_1_13,30.0195,31.3405,0.1109,Unknown,,0,0,0,0,0,0,0,0.0,694.8,7236.5,1.267,1.267,3.06,0,55.0,9.018551718800648,9.0,2.0,54.993347
grid_1_14,30.0195,31.3435,0.1109,محور الشهيد,,0,0,0,0,0,0,0,1.353,924.1,9624.8,0.983,0.983,3.172,1,57.71,21.45035905978273,9.0,7.0,57.737602
grid_1_15,30.0195,31.3465,0.1109,محور الشهيد,,0,0,0,0,0,0,0,0.49,787.4,8200.5,0.704,0.704,3.306,1,55.98,10.49699312215792,9.0,4.0,55.97779
grid_1_16,30.0195,31.3495,0.1109,Unknown,,0,0,0,0,0,0,0,0.0,808.7,8422.5,0.436,0.436,3.459,1,55.0,0.0,0.0,0.0,54.99702
grid_1_17,30.0195,31.3525,0.1109,Unknown,,0,0,0,0,0,0,0,0.0,789.0,8217.1,0.229,0.229,3.628,1,55.0,0.0,0.0,0.0,54.998955
grid_1_18,30.0195,31.3555,0.1109,Unknown,,0,0,0,0,0,0,0,0.0,706.0,7353.5,0.285,0.285,3.812,1,55.0,0.0,0.0,0.0,54.999374
grid_1_19,30.0195,31.3585,0.1109,Unknown,,0,0,0,0,0,0,0,0.0,558.9,5821.2,0.526,0.526,4.008,1,55.0,0.0,0.0,0.0,54.99702
grid_1_20,30.0195,31.3615,0.1109,Unknown,,0,0,0,0,0,0,0,0.0,491.2,5116.0,0.8,0.8,4.215,1,55.0,0.0,0.0,0.0,55.000835
grid_1_21,30.0195,31.3645,0.1109,Unknown,,0,0,0,0,0,0,0,0.0,496.2,5168.5,1.081,1.081,4.431,0,55.0,0.0,0.0,0.0,55.003727
grid_1_22,30.0195,31.3675,0.1109,محور المشير محمد على فهمي,,0,0,0,0,0,0,0,0.85,478.0,4978.7,1.366,1.366,4.417,0,56.55,11.408353857209638,8.0,3.0,56.453045
grid_1_23,30.0195,31.3705,0.1109,Unknown,,0,0,0,0,0,0,0,0.0,515.9,5372.9,1.652,1.652,4.311,0,55.0,5.252489278307663,8.0,1.0,55.00241
grid_1_24,30.0195,31.3735,0.1109,Unknown,,0,0,0,0,0,0,0,0.0,515.9,5372.8,1.939,1.939,4.223,0,55.0,0.0,0.0,0.0,54.961994
grid_1_25,30.0195,31.3765,0.1109,Unknown,,0,0,0,0,0,0,0,0.106,477.3,4970.9,2.072,2.072,4.153,0,55.01,0.0786912236962007,3.0,0.0,54.99382
grid_1_26,30.0195,31.3795,0.1109,Unknown,,0,0,0,0,0,0,0,0.958,392.3,4085.8,2.108,2.108,4.102,0,50.52,15.3967518286942,9.0,2.0,50.57667
grid_1_27,30.0195,31.3825,0.1109,Unknown,,0,0,0,0,0,0,0,0.0,303.0,3156.0,2.182,2.182,4.071,0,42.09,0.0,0.0,0.0,42.09221
grid_1_28,30.0195,31.3855,0.1109,Unknown,,0,0,0,0,0,0,0,0.296,352.2,3668.3,2.291,2.291,4.061,0,46.27,6.40563170516951,9.0,1.0,46.38568
grid_1_29,30.0195,31.3885,0.1109,Unknown,,0,0,0,0,0,0,0,0.576,421.7,4392.5,2.353,2.353,4.071,0,51.9,1.9073769683719115,3.0,0.0,51.94252
grid_1_30,30.0195,31.3915,0.1109,محور الدكتوره سميره موسى,,0,0,0,0,0,0,0,2.387,424.7,4423.0,2.246,2.246,4.101,0,55.73,2.576567126805088,3.0,0.0,55.879524
grid_1_31,30.0195,31.3945,0.1109,Unknown,,0,0,0,0,0,0,0,1.193,381.0,3968.2,2.172,2.172,4.151,0,50.16,0.0,0.0,0.0,50.032112
grid_1_32,30.0195,31.3975,0.1109,Unknown,,0,0,0,0,0,0,0,1.257,431.9,4497.8,2.135,2.135,4.221,0,54.0,0.0,0.0,0.0,54.30085
grid_1_33,30.0195,31.4005,0.1109,Unknown,,0,0,0,0,0,0,0,0.399,428.3,4460.7,2.137,2.137,4.308,0,52.02,28.7349384866826,10.0,4.0,51.930588
grid_1_34,30.0195,31.4035,0.1109,Unknown,,0,0,0,0,0,0,0,1.355,42.9,446.6,2.115,2.115,4.413,0,25.84,9.585642132789967,8.0,1.0,25.750492
grid_1_35,30.0195,31.4065,0.1109,Unknown,,0,0,0,0,0,0,0,1.809,41.1,428.5,1.826,1.826,4.534,0,26.62,3.4515001580683093,3.0,0.0,26.729374
grid_1_36,30.0195,31.4095,0.1109,محور العروبة,,0,0,0,0,0,0,0,2.276,56.7,590.1,1.538,1.538,4.67,0,28.68,6.566378043857122,7.0,3.0,28.661636
grid_1_37,30.0195,31.4125,0.1109,محور العروبة,Carpaccio Cafe; Coffeeshop Company; Grapes Cafe; Mojo Cafe; Tycoon,5,0,0,5,0,0,0,1.242,62.0,645.5,1.25,1.25,4.819,0,33.25,7.037563428031449,7.0,3.0,33.25714
grid_1_38,30.0195,31.4155,0.1109,شارع 90,بنك التعمير والإسكان,1,0,0,0,0,0,1,1.38,70.2,731.3,0.962,0.962,4.98,1,27.88,4.48321737018679,3.0,0.0,27.641624
grid_1_39,30.0195,31.4185,0.1109,شارع 90,البنك الأهلي المتحد; Monaliza Mall,2,0,0,0,0,0,1,2.038,74.9,780.1,0.675,0.675,5.153,1,29.54,3.318291400100027,3.0,0.0,29.66253
grid_2_0,30.0225,31.3015,0.1109,Unknown,,0,0,0,0,0,0,0,0.385,338.6,3526.2,1.549,1.549,3.694,0,45.45,0.0,0.0,0.0,45.510075
grid_2_1,30.0225,31.3045,0.1109,Unknown,,0,0,0,0,0,0,0,0.373,336.3,3502.8,1.549,1.549,3.489,0,45.27,0.0,0.0,0.0,45.27899
grid_2_2,30.0225,31.3075,0.1109,طريق اب تاون كايرو,,0,0,0,0,0,0,0,1.063,361.6,3766.6,1.602,1.602,3.297,0,48.49,0.0,0.0,0.0,48.437145
grid_2_3,30.0225,31.3105,0.1109,طريق اب تاون كايرو,,0,0,0,0,0,0,0,1.525,405.9,4227.8,1.703,1.703,3.12,0,52.64,0.0,0.0,0.0,52.566204
grid_2_4,30.0225,31.3135,0.1109,طريق اب تاون كايرو,,0,0,0,0,0,0,0,1.746,408.6,4255.7,1.668,1.844,2.961,0,53.28,0.0,0.0,0.0,53.31766
grid_2_5,30.0225,31.3165,0.1109,طريق اعمار,,0,0,0,0,0,0,0,0.794,426.1,4438.6,1.643,2.017,2.823,0,52.66,0.0,0.0,0.0,52.746387
grid_2_6,30.0225,31.3195,0.1109,Unknown,,0,0,0,0,0,0,0,1.743,341.2,3554.2,1.669,2.155,2.708,0,48.37,0.0,0.0,0.0,48.34043
grid_2_7,30.0225,31.3225,0.1109,طريق الميثاق,,0,0,0,0,0,0,0,1.859,263.1,2739.8,1.743,1.979,2.62,0,42.9,0.0,0.0,0.0,42.679386
grid_2_8,30.0225,31.3255,0.1109,طريق الميثاق,,0,0,0,0,0,0,0,0.532,286.6,2985.4,1.832,1.832,2.562,0,41.96,0.0,0.0,0.0,42.05063
grid_2_9,30.0225,31.3285,0.1109,Unknown,,0,0,0,0,0,0,0,0.0,189.6,1974.6,1.721,1.721,2.536,0,33.82,0.0,0.0,0.0,33.792015
grid_2_10,30.0225,31.3315,0.1109,Unknown,,0,0,0,0,0,0,0,0.0,215.5,2244.6,1.642,1.642,2.542,0,35.71,0.0,0.0,0.0,35.806152
grid_2_11,30.0225,31.3345,0.1109,Unknown,,0,0,0,0,0,0,0,0.0,213.3,2221.4,1.555,1.555,2.581,0,35.55,0.0,0.0,0.0,35.422714
grid_2_12,30.0225,31.3375,0.1109,Unknown,,0,0,0,0,0,0,0,0.0,316.3,3294.4,1.509,1.509,2.651,0,43.06,0.0,0.0,0.0,42.9679
grid_2_13,30.0225,31.3405,0.1109,Unknown,,0,0,0,0,0,0,0,0.0,715.2,7449.5,1.362,1.362,2.75,0,55.0,0.0,0.0,0.0,55.004623
grid_2_14,30.0225,31.3435,0.1109,محور الشهيد,وطنية,1,0,0,0,0,0,0,1.232,950.0,9894.8,1.103,1.103,2.874,0,57.46,13.700228675695318,8.0,7.0,57.400913
grid_2_15,30.0225,31.3465,0.1109,محور شينزو ابى,,0,0,0,0,0,0,0,0.139,1153.1,12009.7,0.863,0.863,3.021,1,55.28,6.1822523142172985,9.0,2.0,55.255272
grid_2_16,30.0225,31.3495,0.1109,Unknown,,0,0,0,0,0,0,0,0.0,1240.8,12923.9,0.664,0.664,3.188,1,55.0,2.9435781093825324,9.0,1.0,55.00282
grid_2_17,30.0225,31.3525,0.1109,Unknown,,0,0,0,0,0,0,0,0.0,891.8,9288.9,0.55,0.55,3.371,1,55.0,12.411413302920469,9.0,2.0,55.004044
grid_2_18,30.0225,31.3555,0.1109,شارع الوفاء و الامل,,0,0,0,0,0,0,0,0.389,699.2,7282.4,0.576,0.576,3.568,1,55.78,6.8533994725817085,9.0,1.0,55.75333
grid_2_19,30.0225,31.3585,0.1109,Unknown,,0,0,0,0,0,0,0,0.0,645.1,6718.8,0.726,0.726,3.776,1,55.0,0.0,0.0,0.0,55.001446
grid_2_20,30.0225,31.3615,0.1109,Unknown,,0,0,0,0,0,0,0,0.0,552.8,5757.7,0.943,0.943,3.995,1,55.0,0.0,0.0,0.0,55.001446
grid_2_21,30.0225,31.3645,0.1109,Unknown,,0,0,0,0,0,0,0,0.313,508.1,5292.4,1.191,1.191,4.215,0,55.63,3.954453726190207,9.0,1.0,55.604633
grid_2_22,30.0225,31.3675,0.1109,Unknown,,0,0,0,0,0,0,0,0.245,546.0,5686.8,1.455,1.455,4.112,0,55.49,8.953255641145757,9.0,5.0,55.49938
grid_2_23,30.0225,31.3705,0.1109,محور المشير محمد على فهمي,,0,0,0,0,0,0,0,1.194,501.3,5221.5,1.726,1.726,3.999,0,57.39,20.64316169941217,9.0,8.0,57.49054
grid_2_24,30.0225,31.3735,0.1109,Unknown,,0,0,0,0,0,0,0,0.0,538.0,5603.0,1.744,1.744,3.903,0,55.0,12.954368632249516,9.0,3.0,54.996075
grid_2_25,30.0225,31.3765,0.1109,Unknown,,0,0,0,0,0,0,0,0.0,481.7,5017.5,1.739,1.739,3.828,0,55.0,0.0,0.0,0.0,55.000546
grid_2_26,30.0225,31.3795,0.1109,Unknown,,0,0,0,0,0,0,0,0.0,401.6,4182.8,1.782,1.782,3.772,0,49.28,0.0,0.0,0.0,49.440895
grid_2_27,30.0225,31.3825,0.1109,Unknown,,0,0,0,0,0,0,0,0.0,305.1,3177.8,1.869,1.869,3.739,0,42.24,0.0,0.0,0.0,42.104702
grid_2_28,30.0225,31.3855,0.1109,Unknown,,0,0,0,0,0,0,0,0.0,273.5,2848.7,1.994,1.994,3.727,0,39.94,0.0,0.0,0.0,40.006165
grid_2_29,30.0225,31.3885,0.1109,Unknown,,0,0,0,0,0,0,0,0.225,277.4,2888.9,2.056,2.056,3.738,0,40.67,0.0,0.0,0.0,40.67622
grid_2_30,30.0225,31.3915,0.1109,محور الدكتوره سميره موسى,,0,0,0,0,0,0,0,1.262,266.1,2771.9,1.932,1.932,3.771,0,41.93,2.022047133259988,3.0,0.0,41.774864
grid_2_31,30.0225,31.3945,0.1109,Unknown,,0,0,0,0,0,0,0,0.357,232.6,2422.3,1.846,1.846,3.826,0,37.67,0.0,0.0,0.0,37.383244
grid_2_32,30.0225,31.3975,0.1109,Unknown,,0,0,0,0,0,0,0,0.609,310.3,3231.9,1.802,1.802,3.901,0,43.84,0.0,0.0,0.0,43.738525
grid_2_33,30.0225,31.4005,0.1109,Unknown,,0,0,0,0,0,0,0,0.725,449.4,4680.8,1.804,1.804,3.996,0,54.22,0.0301068120107338,1.0,0.0,54.336525
grid_2_34,30.0225,31.4035,0.1109,Unknown,,0,0,0,0,0,0,0,1.529,40.6,422.6,1.852,1.852,4.108,0,26.02,7.126953513902809,9.0,1.0,26.116093
grid_2_35,30.0225,31.4065,0.1109,Unknown,,0,0,0,0,0,0,0,1.705,36.4,379.3,1.873,1.873,4.238,0,26.07,4.807918119227219,3.0,0.0,26.109617
grid_2_36,30.0225,31.4095,0.1109,محور العروبة الجانبى,,0,0,0,0,0,0,0,2.263,52.3,545.0,1.593,1.593,4.383,0,28.34,6.155773402505695,7.0,2.0,28.160198
grid_2_37,30.0225,31.4125,0.1109,شارع التسعين الشمالى,,0,0,0,0,0,0,0,2.584,55.4,576.9,1.317,1.317,4.541,0,29.21,10.26156265495876,7.0,5.0,29.288137
grid_2_38,30.0225,31.4155,0.1109,شارع التسعين الشمالى,,0,0,0,0,0,0,0,2.41,57.4,597.4,1.047,1.047,4.712,0,29.0,6.488277156221289,7.0,3.0,29.042147
grid_2_39,30.0225,31.4185,0.1109,شارع التسعين الشمالى,,0,0,0,0,0,0,0,3.569,62.7,652.8,0.792,0.792,4.894,1,31.71,8.231515470066896,7.0,5.0,31.615723
grid_3_0,30.0255,31.3015,0.1109,Unknown,,0,0,0,0,0,0,0,0.9,275.3,2867.5,1.881,1.881,3.473,0,41.87,0.0,0.0,0.0,41.824524
grid_3_1,30.0255,31.3045,0.1109,Unknown,,0,0,0,0,0,0,0,0.901,278.2,2897.8,1.881,1.881,3.255,0,42.09,0.0,0.0,0.0,42.24957
grid_3_2,30.0255,31.3075,0.1109,Unknown,,0,0,0,0,0,0,0,0.036,309.9,3227.9,1.925,1.925,3.048,0,42.67,0.0,0.0,0.0,42.867325
grid_3_3,30.0255,31.3105,0.1109,Unknown,,0,0,0,0,0,0,0,0.026,363.3,3783.7,2.01,2.01,2.856,0,46.54,0.0,0.0,0.0,46.506718
grid_3_4,30.0255,31.3135,0.1109,طريق اعمار,,0,0,0,0,0,0,0,1.687,386.5,4025.6,1.997,2.131,2.681,0,51.55,0.0,0.0,0.0,51.70493
grid_3_5,30.0255,31.3165,0.1109,طريق الميثاق,,0,0,0,0,0,0,0,1.621,402.8,4195.9,1.977,2.134,2.527,0,52.61,0.0,0.0,0.0,52.442986
grid_3_6,30.0255,31.3195,0.1109,طريق الميثاق,,0,0,0,0,0,0,0,1.565,342.9,3572.0,1.914,1.914,2.399,0,48.13,0.0,0.0,0.0,48.281567
grid_3_7,30.0255,31.3225,0.1109,طريق الميثاق,,0,0,0,0,0,0,0,0.355,255.2,2658.6,1.713,1.713,2.299,0,39.32,0.0,0.0,0.0,39.43285
grid_3_8,30.0255,31.3255,0.1109,Unknown,,0,0,0,0,0,0,0,0.0,204.7,2131.8,1.541,1.541,2.233,0,34.92,0.0,0.0,0.0,34.912735
grid_3_9,30.0255,31.3285,0.1109,Unknown,,0,0,0,0,0,0,0,0.0,186.5,1942.5,1.408,1.408,2.202,0,33.6,0.0,0.0,0.0,33.785633
grid_3_10,30.0255,31.3315,0.1109,Unknown,,0,0,0,0,0,0,0,0.0,256.0,2666.4,1.325,1.325,2.21,0,38.66,0.0,0.0,0.0,38.571896
grid_3_11,30.0255,31.3345,0.1109,Unknown,,0,0,0,0,0,0,0,0.0,274.8,2862.4,1.231,1.231,2.254,0,40.04,0.0,0.0,0.0,40.027214
grid_3_12,30.0255,31.3375,0.1109,Unknown,,0,0,0,0,0,0,0,0.0,596.8,6215.9,1.179,1.179,2.334,0,55.0,0.0,0.0,0.0,55.00209
grid_3_13,30.0255,31.3405,0.1109,محور الشهيد,,0,0,0,0,0,0,0,0.045,772.9,8050.4,1.16,1.16,2.446,0,55.09,0.0,0.0,0.0,55.02467
grid_3_14,30.0255,31.3435,0.1109,محور الشهيد,,0,0,0,0,0,0,0,1.043,956.2,9960.0,1.078,1.078,2.585,0,57.09,6.075885889655512,7.0,3.0,57.07196
grid_3_15,30.0255,31.3465,0.1109,محور شينزو ابى,,0,0,0,0,0,0,0,1.048,1257.5,13098.4,1.07,1.07,2.747,0,57.1,5.68776875672437,7.0,2.0,57.152695
grid_3_16,30.0255,31.3495,0.1109,Unknown,,0,0,0,0,0,0,0,0.0,1092.5,11378.8,0.956,0.956,2.929,1,55.0,0.0,0.0,0.0,54.997337
grid_3_17,30.0255,31.3525,0.1109,شارع الوفاء و الامل,,0,0,0,0,0,0,0,0.401,1042.9,10862.5,0.881,0.881,3.127,1,55.8,1.1046506255211117,7.0,2.0,55.814568
grid_3_18,30.0255,31.3555,0.1109,شارع الوفاء و الامل,وطنية,1,0,0,0,0,0,0,0.668,807.4,8409.3,0.897,0.897,3.339,1,56.34,8.135087165807056,7.0,3.0,56.254395
grid_3_19,30.0255,31.3585,0.1109,شارع الوفاء و الامل,,0,0,0,0,0,0,0,0.495,650.4,6774.1,1.0,1.0,3.561,0,55.99,0.0,0.0,0.0,55.97889
grid_3_20,30.0255,31.3615,0.1109,Unknown,,0,0,0,0,0,0,0,0.029,561.5,5848.3,1.167,1.167,3.777,0,55.06,9.652854425648329,9.0,2.0,55.028214
grid_3_21,30.0255,31.3645,0.1109,Unknown,,0,0,0,0,0,0,0,0.033,509.4,5305.3,1.376,1.376,3.944,0,55.07,0.0,0.0,0.0,55.11538
grid_3_22,30.0255,31.3675,0.1109,Unknown,,0,0,0,0,0,0,0,0.0,476.2,4960.1,1.589,1.589,3.812,0,54.72,5.267863945893585,8.0,1.0,54.844868
grid_3_23,30.0255,31.3705,0.1109,محور المشير محمد على فهمي,,0,0,0,0,0,0,0,0.494,432.7,4507.3,1.475,1.475,3.69,0,52.54,4.332025968036272,7.0,2.0,52.89822
grid_3_24,30.0255,31.3735,0.1109,محور المشير محمد على فهمي,,0,0,0,0,0,0,0,0.641,421.9,4394.7,1.412,1.412,3.586,0,52.04,0.0,0.0,0.0,51.78293
grid_3_25,30.0255,31.3765,0.1109,محور المشير محمد على فهمي,,0,0,0,0,0,0,0,0.326,413.0,4301.4,1.406,1.406,3.504,0,50.76,0.0,0.0,0.0,50.766773
grid_3_26,30.0255,31.3795,0.1109,Unknown,,0,0,0,0,0,0,0,0.0,366.2,3814.2,1.459,1.459,3.443,0,46.7,0.0,0.0,0.0,46.69075
grid_3_27,30.0255,31.3825,0.1109,Unknown,,0,0,0,0,0,0,0,0.0,244.1,2542.3,1.564,1.564,3.406,0,37.8,0.0,0.0,0.0,37.761627
grid_3_28,30.0255,31.3855,0.1109,Unknown,,0,0,0,0,0,0,0,0.145,169.7,1767.2,1.712,1.712,3.394,0,32.66,0.0,0.0,0.0,32.74184
grid_3_29,30.0255,31.3885,0.1109,Unknown,,0,0,0,0,0,0,0,0.803,153.2,1595.9,1.772,1.772,3.406,0,32.78,0.0,0.0,0.0,32.82257
grid_3_30,30.0255,31.3915,0.1109,Unknown,,0,0,0,0,0,0,0,0.709,154.2,1605.9,1.627,1.627,3.442,0,32.66,0.889018571714011,3.0,0.0,32.376324
grid_3_31,30.0255,31.3945,0.1109,Unknown,,0,0,0,0,0,0,0,1.04,200.4,2087.2,1.523,1.523,3.501,0,36.69,0.0,0.0,0.0,36.60256
grid_3_32,30.0255,31.3975,0.1109,Unknown,,0,0,0,0,0,0,0,1.459,327.9,3415.8,1.47,1.47,3.583,0,46.83,0.0,0.0,0.0,46.808727
grid_3_33,30.0255,31.4005,0.1109,Unknown,,0,0,0,0,0,0,0,1.117,483.3,5033.9,1.472,1.472,3.686,0,57.23,0.0,0.0,0.0,57.235733
grid_3_34,30.0255,31.4035,0.1109,Unknown,,0,0,0,0,0,0,0,1.216,72.0,750.0,1.53,1.53,3.808,0,27.68,8.802978577020971,9.0,3.0,27.759293
grid_3_35,30.0255,31.4065,0.1109,Unknown,,0,0,0,0,0,0,0,1.231,44.6,464.4,1.637,1.637,3.948,0,25.71,1.6230326315080104,3.0,0.0,25.47316
grid_3_36,30.0255,31.4095,0.1109,محور العروبة الجانبى,,0,0,0,0,0,0,0,0.897,44.7,465.5,1.712,1.712,4.103,0,25.05,2.5546902592157976,3.0,0.0,25.201536
grid_3_37,30.0255,31.4125,0.1109,محور العروبة الجانبى,,0,0,0,0,0,0,0,3.271,43.0,447.8,1.459,1.459,4.272,0,29.68,7.506247668806294,7.0,3.0,29.704006
grid_3_38,30.0255,31.4155,0.1109,محور العروبة,,0,0,0,0,0,0,0,2.758,41.9,436.1,1.221,1.221,4.453,0,28.57,4.930003616797724,7.0,4.0,28.62984
grid_3_39,30.0255,31.4185,0.1109,شارع الامام جعفر بن الصادق,,0,0,0,0,0,0,0,3.075,48.5,505.1,1.011,1.011,4.645,0,29.69,2.9043356242317384,1.0,0.0,29.934752
grid_4_0,30.0285,31.3015,0.1109,Unknown,,0,0,0,0,0,0,0,0.727,272.4,2837.8,2.214,2.214,3.272,0,41.32,0.0,0.0,0.0,41.19551
grid_4_1,30.0285,31.3045,0.1109,Unknown,,0,0,0,0,0,0,0,1.641,334.0,3479.0,2.214,2.214,3.039,0,47.63,0.0,0.0,0.0,47.677834
grid_4_2,30.0285,31.3075,0.1109,طريق اعمار,,0,0,0,0,0,0,0,0.994,374.6,3901.4,2.251,2.251,2.817,0,49.3,0.0,0.0,0.0,49.317005
grid_4_3,30.0285,31.3105,0.1109,طريق اعمار,,0,0,0,0,0,0,0,0.964,378.8,3945.9,2.325,2.325,2.608,0,49.55,0.0,0.0,0.0,49.51035
grid_4_4,30.0285,31.3135,0.1109,طريق اعمار,,0,0,0,0,0,0,0,0.412,304.1,3167.2,2.135,2.135,2.415,0,42.99,0.0,0.0,0.0,43.11735
grid_4_5,30.0285,31.3165,0.1109,Unknown,,0,0,0,0,0,0,0,0.0,251.2,2616.3,1.913,1.913,2.243,0,38.31,0.0,0.0,0.0,38.252426
grid_4_6,30.0285,31.3195,0.1109,Unknown,,0,0,0,0,0,0,0,0.0,205.4,2139.5,1.704,1.704,2.097,0,34.98,0.0,0.0,0.0,34.913296
grid_4_7,30.0285,31.3225,0.1109,Unknown,,0,0,0,0,0,0,0,0.0,159.6,1662.2,1.476,1.476,1.982,0,31.64,74.67544819060349,9.0,2.0,31.52987
grid_4_8,30.0285,31.3255,0.1109,Unknown,,0,0,0,0,0,0,0,0.0,174.3,1815.8,1.272,1.272,1.905,0,32.71,0.0,0.0,0.0,32.62928
grid_4_9,30.0285,31.3285,0.1109,Unknown,,0,0,0,0,0,0,0,0.0,231.6,2412.2,1.107,1.107,1.869,0,36.89,0.0,0.0,0.0,36.921783
grid_4_10,30.0285,31.3315,0.1109,Unknown,,0,0,0,0,0,0,0,0.0,283.1,2948.5,0.999,0.999,1.878,1,40.64,0.0,0.0,0.0,40.641365
grid_4_11,30.0285,31.3345,0.1109,Unknown,,0,0,0,0,0,0,0,0.0,394.8,4112.6,0.915,0.915,1.93,5,48.79,0.0,0.0,0.0,48.765614
grid_4_12,30.0285,31.3375,0.1109,Unknown,,0,0,0,0,0,0,0,0.0,933.7,9725.2,0.851,0.851,2.023,7,55.0,0.0,0.0,0.0,55.004505
grid_4_13,30.0285,31.3405,0.1109,محور الشهيد,,0,0,0,0,0,0,0,0.787,899.0,9364.0,0.839,0.839,2.15,12,56.57,6.460904832820583,7.0,1.0,56.60295
grid_4_14,30.0285,31.3435,0.1109,محور الشهيد,,0,0,0,0,0,0,0,0.159,1286.2,13397.0,0.75,0.75,2.307,11,55.32,5.264658800193467,8.0,2.0,55.255596
grid_4_15,30.0285,31.3465,0.1109,محور شينزو ابى,,0,0,0,0,0,0,0,0.67,1497.5,15597.7,0.74,0.74,2.488,5,56.34,0.0,0.0,0.0,56.351032
grid_4_16,30.0285,31.3495,0.1109,محور شينزو ابى,,0,0,0,0,0,0,0,1.659,1355.8,14122.6,0.835,0.835,2.688,1,58.32,10.549796992326945,7.0,1.0,58.45507
grid_4_17,30.0285,31.3525,0.1109,شارع الوفاء و الامل,,0,0,0,0,0,0,0,0.184,1245.8,12976.8,1.007,1.007,2.902,0,55.37,0.0,0.0,0.0,55.38452
grid_4_18,30.0285,31.3555,0.1109,شارع الوفاء و الامل,,0,0,0,0,0,0,0,1.648,828.1,8625.4,1.224,1.224,3.129,0,58.3,9.259691613981094,7.0,3.0,58.238045
grid_4_19,30.0285,31.3585,0.1109,Unknown,,0,0,0,0,0,0,0,1.39,578.6,6027.2,1.302,1.302,3.34,0,57.78,0.9264862210548584,1.0,0.0,57.738907
grid_4_20,30.0285,31.3615,0.1109,Unknown,,0,0,0,0,0,0,0,0.457,461.9,4811.2,1.435,1.435,3.504,0,54.59,1.280861953458279,1.0,0.0,54.580208
grid_4_21,30.0285,31.3645,0.1109,شارع آل عثمان,,0,0,0,0,0,0,0,2.613,383.2,3991.3,1.489,1.489,3.67,0,53.17,0.8931466372294578,1.0,0.0,53.476524
grid_4_22,30.0285,31.3675,0.1109,Unknown,,0,0,0,0,0,0,0,0.0,367.1,3823.9,1.305,1.305,3.519,0,46.77,0.0,0.0,0.0,46.5663
grid_4_23,30.0285,31.3705,0.1109,Unknown,,0,0,0,0,0,0,0,0.0,373.6,3891.1,1.163,1.163,3.386,0,47.24,0.0,0.0,0.0,47.354294
grid_4_24,30.0285,31.3735,0.1109,Unknown,,0,0,0,0,0,0,0,0.0,339.9,3540.0,1.082,1.082,3.272,0,44.78,0.0,0.0,0.0,44.42538
grid_4_25,30.0285,31.3765,0.1109,محور المشير محمد على فهمي,,0,0,0,0,0,0,0,0.941,354.9,3696.7,1.074,1.074,3.182,0,47.76,0.0,0.0,0.0,47.94002
grid_4_26,30.0285,31.3795,0.1109,Unknown,,0,0,0,0,0,0,0,0.0,421.8,4393.2,1.142,1.142,3.115,0,50.75,0.0,0.0,0.0,50.74541
grid_4_27,30.0285,31.3825,0.1109,Unknown,,0,0,0,0,0,0,0,0.0,296.2,3085.5,1.274,1.274,3.074,0,41.6,0.0,0.0,0.0,41.54881
grid_4_28,30.0285,31.3855,0.1109,Unknown,,0,0,0,0,0,0,0,0.348,173.1,1802.9,1.452,1.452,3.06,0,33.32,0.0,0.0,0.0,33.217247
grid_4_29,30.0285,31.3885,0.1109,Unknown,,0,0,0,0,0,0,0,0.817,160.6,1672.9,1.506,1.506,3.073,0,33.34,0.0,0.0,0.0,33.242065
grid_4_30,30.0285,31.3915,0.1109,Unknown,,0,0,0,0,0,0,0,0.597,162.3,1690.2,1.335,1.335,3.113,0,33.03,4.889500689516341,3.0,0.0,33.222225
grid_4_31,30.0285,31.3945,0.1109,Unknown,,0,0,0,0,0,0,0,0.962,204.7,2132.3,1.206,1.206,3.179,0,36.85,0.0,0.0,0.0,36.87159
grid_4_32,30.0285,31.3975,0.1109,Unknown,,0,0,0,0,0,0,0,1.502,322.0,3354.1,1.138,1.138,3.269,0,46.48,0.0,0.0,0.0,46.588383
grid_4_33,30.0285,31.4005,0.1109,Unknown,,0,0,0,0,0,0,0,0.909,499.1,5199.2,1.141,1.141,3.382,0,56.82,10.908086236979983,9.0,1.0,56.820755
grid_4_34,30.0285,31.4035,0.1109,Unknown,,0,0,0,0,0,0,0,0.814,158.5,1650.4,1.215,1.215,3.514,0,33.18,7.792972627384719,9.0,3.0,33.200993
grid_4_35,30.0285,31.4065,0.1109,Unknown,Carrefour,1,1,0,0,0,0,0,0.729,49.2,512.0,1.348,1.348,3.665,0,23.04,3.031159572852697,3.0,0.0,23.150515
grid_4_36,30.0285,31.4095,0.1109,Unknown,Paul; Costa; Ruby Tuesday; Applebee's; Chili's; أوليفز,13,1,0,10,0,0,0,0.766,43.5,452.7,1.524,1.524,3.831,0,35.2,3.319108044759841,3.0,0.0,35.137974
grid_4_37,30.0285,31.4125,0.1109,Unknown,,0,0,0,0,0,0,0,1.258,37.2,387.8,1.657,1.657,4.012,0,25.23,0.1384095350590623,1.0,0.0,25.332548
grid_4_38,30.0285,31.4155,0.1109,محور العروبة الجانبى,,0,0,0,0,0,0,0,2.604,38.3,399.0,1.452,1.452,4.204,0,28.0,1.760453291100892,7.0,1.0,27.82949
grid_4_39,30.0285,31.4185,0.1109,محور العروبة الجانبى,,0,0,0,0,0,0,0,2.845,40.4,421.1,1.28,1.28,4.407,0,28.64,12.658530385441932,7.0,4.0,28.635431
grid_5_0,30.0315,31.3015,0.1109,شارع سلطان,,0,0,0,0,0,0,0,0.607,363.2,3783.1,2.547,2.547,3.094,0,47.7,0.3307854226508135,1.0,0.0,47.60639
grid_5_1,30.0315,31.3045,0.1109,Unknown,,0,0,0,0,0,0,0,0.0,435.8,4539.3,2.547,2.547,2.847,0,51.78,0.0,0.0,0.0,51.889088
grid_5_2,30.0315,31.3075,0.1109,طريق اعمار,,0,0,0,0,0,0,0,0.931,420.1,4376.3,2.45,2.45,2.608,0,52.5,0.0,0.0,0.0,52.453426
grid_5_3,30.0315,31.3105,0.1109,Unknown,,0,0,0,0,0,0,0,0.0,309.0,3218.6,2.192,2.192,2.38,0,42.53,0.0,0.0,0.0,42.352993
grid_5_4,30.0315,31.3135,0.1109,Unknown,,0,0,0,0,0,0,0,0.0,264.9,2758.8,1.942,1.942,2.168,0,39.31,0.0,0.0,0.0,39.415546
grid_5_5,30.0315,31.3165,0.1109,Unknown,,0,0,0,0,0,0,0,0.0,256.9,2675.9,1.705,1.705,1.974,0,38.73,0.0,0.0,0.0,38.579266
grid_5_6,30.0315,31.3195,0.1109,Unknown,,0,0,0,0,0,0,0,0.0,199.3,2075.9,1.476,1.476,1.806,0,34.53,0.0,0.0,0.0,34.519974
grid_5_7,30.0315,31.3225,0.1109,Unknown,,0,0,0,0,0,0,0,0.0,173.4,1806.6,1.269,1.269,1.672,0,32.65,0.0,0.0,0.0,32.606644
grid_5_8,30.0315,31.3255,0.1109,Unknown,,0,0,0,0,0,0,0,0.0,203.1,2115.8,1.041,1.041,1.579,0,34.81,0.0,0.0,0.0,34.888073
grid_5_9,30.0315,31.3285,0.1109,Unknown,,0,0,0,0,0,0,0,0.0,248.7,2591.0,0.831,0.831,1.536,7,38.14,0.0,0.0,0.0,38.068325
grid_5_10,30.0315,31.3315,0.1109,محور الشهيد,,0,0,0,0,0,0,0,0.072,293.8,3060.1,0.681,0.681,1.546,17,41.56,0.0,0.0,0.0,41.646446
grid_5_11,30.0315,31.3345,0.1109,محور الشهيد,,0,0,0,0,0,0,0,0.774,532.4,5545.9,0.617,0.617,1.61,27,56.55,0.369502955874,7.0,1.0,56.618725
grid_5_12,30.0315,31.3375,0.1109,محور الشهيد,,0,0,0,0,0,0,0,0.729,1204.7,12548.4,0.519,0.519,1.72,28,56.46,4.559683041677784,7.0,2.0,56.44865
grid_5_13,30.0315,31.3405,0.1109,محور الشهيد,,0,0,0,0,0,0,0,0.179,1071.4,11160.1,0.51,0.51,1.868,27,55.36,0.0,0.0,0.0,55.386814
grid_5_14,30.0315,31.3435,0.1109,Unknown,,0,0,0,0,0,0,0,0.0,1340.6,13964.3,0.433,0.433,2.047,22,55.0,0.0,0.0,0.0,54.996727
grid_5_15,30.0315,31.3465,0.1109,Unknown,,0,0,0,0,0,0,0,0.0,1578.8,16445.3,0.413,0.413,2.249,18,55.0,0.0,0.0,0.0,54.989735
grid_5_16,30.0315,31.3495,0.1109,Unknown,,0,0,0,0,0,0,0,1.172,1618.5,16858.6,0.567,0.567,2.468,9,57.34,5.056111522594779,7.0,1.0,57.31124
grid_5_17,30.0315,31.3525,0.1109,محور شينزو ابى,,0,0,0,0,0,0,0,1.801,1180.3,12294.5,0.799,0.799,2.7,1,58.6,2.2458026196898664,7.0,1.0,58.646534
grid_5_18,30.0315,31.3555,0.1109,شارع آل عثمان,,0,0,0,0,0,0,0,3.001,834.6,8693.5,1.06,1.06,2.905,0,61.0,2.7590767623953054,7.0,6.0,61.037598
grid_5_19,30.0315,31.3585,0.1109,شارع آل عثمان,,0,0,0,0,0,0,0,1.803,570.6,5943.4,1.332,1.332,3.064,0,58.61,2.757514627763923,1.0,0.0,58.61695
grid_5_20,30.0315,31.3615,0.1109,شارع آل عثمان,,0,0,0,0,0,0,0,2.622,440.0,4583.7,1.388,1.517,3.242,0,57.33,1.0850305347732507,1.0,0.0,57.308537
grid_5_21,30.0315,31.3645,0.1109,طريق المرشدى,,0,0,0,0,0,0,0,2.017,381.6,3975.0,1.272,1.272,3.397,0,51.86,3.707486559382856,1.0,0.0,51.911003
grid_5_22,30.0315,31.3675,0.1109,شارع الطوب الرملي,,0,0,0,0,0,0,0,0.381,396.4,4128.6,1.049,1.049,3.233,0,49.66,0.3438459335593439,1.0,0.0,49.656147
grid_5_23,30.0315,31.3705,0.1109,Unknown,,0,0,0,0,0,0,0,0.492,469.7,4892.8,0.867,0.867,3.087,1,55.23,0.0,0.0,0.0,55.186157
grid_5_24,30.0315,31.3735,0.1109,Unknown,,0,0,0,0,0,0,0,0.0,484.2,5044.1,0.754,0.754,2.963,2,55.0,9.412905818688698,7.0,1.0,54.999416
grid_5_25,30.0315,31.3765,0.1109,محور المشير محمد على فهمي,,0,0,0,0,0,0,0,1.283,451.4,4702.5,0.744,0.744,2.862,2,55.48,11.198917525319905,7.0,1.0,55.428383
grid_5_26,30.0315,31.3795,0.1109,Unknown,,0,0,0,0,0,0,0,0.0,371.7,3871.9,0.839,0.839,2.788,1,47.1,0.0,0.0,0.0,46.8963
grid_5_27,30.0315,31.3825,0.1109,Unknown,,0,0,0,0,0,0,0,0.0,281.4,2931.1,1.011,1.011,2.742,0,40.52,0.0,0.0,0.0,40.628098
grid_5_28,30.0315,31.3855,0.1109,Unknown,,0,0,0,0,0,0,0,0.288,197.1,2053.0,1.227,1.227,2.727,0,34.95,0.0,0.0,0.0,35.24625
grid_5_29,30.0315,31.3885,0.1109,Unknown,,0,0,0,0,0,0,0,0.3,191.4,1993.6,1.205,1.205,2.741,0,34.56,0.0,0.0,0.0,34.547745
grid_5_30,30.0315,31.3915,0.1109,Unknown,,0,0,0,0,0,0,0,0.472,185.6,1933.2,1.067,1.067,2.786,0,34.48,0.2229978096636164,3.0,0.0,34.55378
grid_5_31,30.0315,31.3945,0.1109,Unknown,,0,0,0,0,0,0,0,0.84,217.0,2259.9,0.901,0.901,2.859,3,37.5,0.0,0.0,0.0,37.295868
grid_5_32,30.0315,31.3975,0.1109,Unknown,,0,0,0,0,0,0,0,0.722,341.2,3553.8,0.807,0.807,2.959,4,46.32,0.0,0.0,0.0,46.41942
grid_5_33,30.0315,31.4005,0.1109,Unknown,,0,0,0,0,0,0,0,0.588,472.4,4920.6,0.812,0.812,3.083,4,55.62,0.0,0.0,0.0,55.51229
grid_5_34,30.0315,31.4035,0.1109,Unknown,,0,0,0,0,0,0,0,1.114,157.3,1638.2,0.912,0.912,3.228,2,33.7,23.52619842796894,10.0,5.0,33.592003
grid_5_35,30.0315,31.4065,0.1109,Unknown,,0,0,0,0,0,0,0,1.183,45.2,470.8,1.083,1.083,3.391,0,25.66,2.704606292135387,3.0,0.0,25.636202
grid_5_36,30.0315,31.4095,0.1109,Unknown,Marks & Spencer,1,0,0,0,0,0,0,1.921,36.4,379.0,1.296,1.296,3.571,0,26.5,2.90120578931808,3.0,0.0,26.662294
grid_5_37,30.0315,31.4125,0.1109,Unknown,,0,0,0,0,0,0,0,2.047,30.5,317.4,1.529,1.529,3.764,0,26.32,0.0,0.0,0.0,26.362324
grid_5_38,30.0315,31.4155,0.1109,Unknown,,0,0,0,0,0,0,0,0.683,30.0,312.7,1.717,1.717,3.968,0,23.55,0.0,0.0,0.0,23.50583
grid_5_39,30.0315,31.4185,0.1109,Unknown,,0,0,0,0,0,0,0,1.152,32.9,342.8,1.574,1.574,4.183,0,24.7,0.0,0.0,0.0,24.729353
grid_6_0,30.0345,31.3015,0.1109,شارع سلطان,,0,0,0,0,0,0,0,1.097,517.0,5385.3,2.268,2.268,2.943,0,57.19,2.481810694785032,3.0,0.0,57.210484
grid_6_1,30.0345,31.3045,0.1109,طريق اعمار,,0,0,0,0,0,0,0,0.091,796.5,8296.8,2.436,2.436,2.682,0,55.18,0.0,0.0,0.0,55.117573
grid_6_2,30.0345,31.3075,0.1109,طريق اعمار,,0,0,0,0,0,0,0,0.905,613.7,6392.8,2.329,2.329,2.427,0,56.81,0.0,0.0,0.0,56.6888
grid_6_3,30.0345,31.3105,0.1109,Unknown,,0,0,0,0,0,0,0,0.0,334.9,3488.8,2.055,2.055,2.18,0,44.42,0.0,0.0,0.0,44.664238
grid_6_4,30.0345,31.3135,0.1109,Unknown,,0,0,0,0,0,0,0,0.0,343.6,3579.0,1.787,1.787,1.946,0,45.05,0.0,0.0,0.0,45.011173
grid_6_5,30.0345,31.3165,0.1109,Unknown,,0,0,0,0,0,0,0,0.0,314.3,3274.2,1.525,1.525,1.728,0,42.92,0.0,0.0,0.0,42.9657
grid_6_6,30.0345,31.3195,0.1109,Unknown,,0,0,0,0,0,0,0,0.0,221.0,2301.9,1.276,1.276,1.533,0,36.11,0.0,0.0,0.0,36.103405
grid_6_7,30.0345,31.3225,0.1109,Unknown,,0,0,0,0,0,0,0,0.0,215.1,2240.4,1.042,1.042,1.372,0,35.68,0.0,0.0,0.0,35.78573
grid_6_8,30.0345,31.3255,0.1109,Unknown,,0,0,0,0,0,0,0,0.0,256.7,2673.5,0.828,0.828,1.258,9,38.71,0.0,0.0,0.0,38.60681
grid_6_9,30.0345,31.3285,0.1109,Unknown,,0,0,0,0,0,0,0,0.0,351.5,3661.0,0.61,0.61,1.203,19,45.63,0.0,0.0,0.0,45.53502
grid_6_10,30.0345,31.3315,0.1109,محور الشهيد,,0,0,0,0,0,0,0,0.876,560.3,5836.1,0.39,0.39,1.216,31,56.75,7.9278313702472145,7.0,1.0,56.74872
grid_6_11,30.0345,31.3345,0.1109,Unknown,,0,0,0,0,0,0,0,0.356,1538.9,16030.1,0.304,0.304,1.296,37,55.71,0.1387540827539465,1.0,0.0,55.724842
grid_6_12,30.0345,31.3375,0.1109,شارع محمد حامد,,0,0,0,0,0,0,0,1.15,1584.4,16504.6,0.19,0.19,1.43,38,57.3,1.772872488659096,1.0,0.0,57.251606
grid_6_13,30.0345,31.3405,0.1109,شارع السيده خديجه,عمر,1,1,0,0,0,0,0,2.624,1428.0,14875.1,0.178,0.178,1.606,31,58.25,3.252045853390215,1.0,0.0,58.215164
grid_6_14,30.0345,31.3435,0.1109,شارع سبيل المؤمنين,,0,0,0,0,0,0,0,1.304,1429.0,14885.6,0.184,0.184,1.81,26,57.61,1.8874040034300343,1.0,0.0,57.631317
grid_6_15,30.0345,31.3465,0.1109,شارع سبيل المؤمنين,الندى م,1,1,0,0,0,0,0,1.72,1643.3,17117.7,0.132,0.132,2.036,21,56.44,2.919952778949869,5.0,0.0,56.41105
grid_6_16,30.0345,31.3495,0.1109,شارع سبيل المؤمنين,,0,0,0,0,0,0,0,1.096,1664.3,17336.4,0.41,0.41,2.275,14,57.19,2.0859826950896623,5.0,0.0,57.23899
grid_6_17,30.0345,31.3525,0.1109,محور شينزو ابى,,0,0,0,0,0,0,0,3.236,1311.0,13656.6,0.697,0.697,2.471,5,61.47,5.069734868667018,6.0,0.0,61.489246
grid_6_18,30.0345,31.3555,0.1109,شارع الوفاء و الامل,,0,0,0,0,0,0,0,3.331,828.6,8631.7,0.985,0.985,2.625,1,61.66,22.30394778138116,7.0,4.0,61.667015
grid_6_19,30.0345,31.3585,0.1109,شارع مساكن النقابات,الجامعة المصرية الصينية فرع مدينة نصر; الجامعة المصرية الصينية فرع مدينة نصر,2,0,0,0,0,2,0,2.739,654.0,6813.0,1.138,1.273,2.801,0,62.98,4.601617841368378,1.0,0.0,62.885727
grid_6_20,30.0345,31.3615,0.1109,Unknown,,0,0,0,0,0,0,0,0.506,533.7,5559.0,1.058,1.386,2.994,0,56.01,0.0752213525614089,1.0,0.0,56.045067
grid_6_21,30.0345,31.3645,0.1109,طريق المرشدى,,0,0,0,0,0,0,0,0.646,467.3,4867.6,1.053,1.113,3.135,0,55.37,0.8313123169095807,1.0,0.0,55.26527
grid_6_22,30.0345,31.3675,0.1109,شارع الطوب الرملي,,0,0,0,0,0,0,0,1.625,542.4,5649.6,0.85,0.85,2.957,2,58.25,3.123537381894389,1.0,0.0,58.206524
grid_6_23,30.0345,31.3705,0.1109,Unknown,,0,0,0,0,0,0,0,0.676,546.7,5694.8,0.61,0.61,2.797,3,56.35,2.277473430947638,1.0,0.0,56.358517
grid_6_24,30.0345,31.3735,0.1109,Unknown,,0,0,0,0,0,0,0,1.031,580.6,6047.8,0.436,0.436,2.659,3,57.06,0.4704296587989909,1.0,0.0,57.079205
grid_6_25,30.0345,31.3765,0.1109,Unknown,,0,0,0,0,0,0,0,0.929,568.8,5924.7,0.418,0.418,2.546,3,56.86,1.1223584159497022,1.0,0.0,56.874123
grid_6_26,30.0345,31.3795,0.1109,محور المشير محمد على فهمي,,0,0,0,0,0,0,0,1.434,424.0,4417.0,0.57,0.57,2.463,3,53.79,0.7025057172365394,7.0,1.0,53.533905
grid_6_27,30.0345,31.3825,0.1109,Unknown,,0,0,0,0,0,0,0,0.0,292.9,3051.2,0.802,0.802,2.411,3,41.36,0.0,0.0,0.0,41.514023
grid_6_28,30.0345,31.3855,0.1109,Unknown,,0,0,0,0,0,0,0,0.393,237.6,2475.1,1.033,1.033,2.393,0,38.11,0.0,0.0,0.0,37.984245
grid_6_29,30.0345,31.3885,0.1109,Unknown,,0,0,0,0,0,0,0,0.638,300.6,3131.2,0.907,0.907,2.41,2,43.19,0.0,0.0,0.0,43.363697
grid_6_30,30.0345,31.3915,0.1109,Unknown,,0,0,0,0,0,0,0,1.718,319.7,3329.8,0.797,0.797,2.461,9,46.74,1.788561760335054,3.0,0.0,46.836655
grid_6_31,30.0345,31.3945,0.1109,Unknown,,0,0,0,0,0,0,0,1.405,315.7,3288.9,0.626,0.626,2.543,11,45.83,0.0,0.0,0.0,45.84138
grid_6_32,30.0345,31.3975,0.1109,Unknown,,0,0,0,0,0,0,0,0.275,364.4,3796.2,0.481,0.481,2.655,11,47.12,0.0,0.0,0.0,47.101284
grid_6_33,30.0345,31.4005,0.1109,Unknown,,0,0,0,0,0,0,0,0.0,451.5,4702.7,0.489,0.489,2.792,9,52.92,0.0,0.0,0.0,52.979282
grid_6_34,30.0345,31.4035,0.1109,طريق الفطيم,,0,0,0,0,0,0,0,0.754,229.5,2390.3,0.642,0.642,2.952,8,38.24,6.689660012445766,9.0,3.0,38.1587
grid_6_35,30.0345,31.4065,0.1109,Unknown,,1,0,0,0,0,0,0,1.487,34.8,362.3,0.868,0.868,3.129,2,25.51,4.772255953795964,3.0,0.0,25.574282
grid_6_36,30.0345,31.4095,0.1109,Unknown,,0,0,0,0,0,0,0,3.073,32.6,339.9,1.104,1.104,3.323,0,28.53,2.9885893972843025,3.0,0.0,28.42378
grid_6_37,30.0345,31.4125,0.1109,Unknown,,0,0,0,0,0,0,0,1.992,29.9,311.5,1.36,1.36,3.529,0,26.16,0.0,0.0,0.0,26.10529
grid_6_38,30.0345,31.4155,0.1109,Unknown,,0,0,0,0,0,0,0,1.645,30.3,315.3,1.627,1.627,3.747,0,25.5,0.0,0.0,0.0,25.63614
grid_6_39,30.0345,31.4185,0.1109,Unknown,,0,0,0,0,0,0,0,1.89,34.1,355.1,1.882,1.882,3.973,0,26.27,0.186005743986522,1.0,0.0,26.170084
grid_7_0,30.0375,31.3015,0.1109,شارع الطيران,,0,0,0,0,0,0,0,3.162,1434.5,14943.5,1.996,1.996,2.823,0,61.32,6.8619834513775295,3.0,0.0,61.31257
grid_7_1,30.0375,31.3045,0.1109,طريق اعمار,,0,0,0,0,0,0,0,0.816,2239.6,23329.9,2.185,2.185,2.55,0,56.63,2.8536097596072283,8.0,1.0,56.729317
grid_7_2,30.0375,31.3075,0.1109,محور جيهان السادات,,0,0,0,0,0,0,0,0.324,333.9,3478.5,2.251,2.251,2.28,0,45.0,13.087838923466348,9.0,7.0,44.989418
grid_7_3,30.0375,31.3105,0.1109,محور جيهان السادات,,0,0,0,0,0,0,0,0.937,378.1,3938.8,1.967,1.967,2.016,0,49.45,0.0,0.0,0.0,49.45272
grid_7_4,30.0375,31.3135,0.1109,محور جيهان السادات,,0,0,0,0,0,0,0,1.016,302.1,3146.7,1.684,1.684,1.76,0,44.06,0.0,0.0,0.0,43.97125
grid_7_5,30.0375,31.3165,0.1109,Unknown,,0,0,0,0,0,0,0,0.0,233.6,2433.5,1.403,1.403,1.515,0,37.03,0.0,0.0,0.0,36.943703
grid_7_6,30.0375,31.3195,0.1109,Unknown,,0,0,0,0,0,0,0,0.0,214.3,2232.3,1.127,1.127,1.289,0,35.63,0.0,0.0,0.0,35.679695
grid_7_7,30.0375,31.3225,0.1109,Unknown,,0,0,0,0,0,0,0,0.0,218.5,2276.5,0.86,0.86,1.092,7,35.94,0.0,0.0,0.0,36.038025
grid_7_8,30.0375,31.3255,0.1109,Unknown,,0,0,0,0,0,0,0,0.0,326.1,3396.7,0.611,0.611,0.945,15,43.78,0.0,0.0,0.0,43.758286
grid_7_9,30.0375,31.3285,0.1109,محور الشهيد,,1,0,0,0,0,0,0,1.012,559.2,5825.3,0.387,0.387,0.871,21,57.02,0.0,0.0,0.0,56.967278
grid_7_10,30.0375,31.3315,0.1109,شارع الطيران,مستشفى الشرطة,1,0,0,0,0,0,0,1.961,1364.1,14209.8,0.195,0.195,0.889,33,58.92,13.709501440197949,7.0,1.0,58.96233
grid_7_11,30.0375,31.3345,0.1109,شارع الدكتور محمد النبوي المهندس,الاخوه; اسواق البركه; الوطنيه; كنزى; نور على نور,5,5,0,0,0,0,0,3.102,1811.1,18866.8,0.053,0.053,0.995,38,51.2,7.254445116646679,5.0,0.0,51.196625
grid_7_12,30.0375,31.3375,0.1109,شارع الدكتور محمد النبوي المهندس,البنا; اسواق المدينه; مكه المكرمه; دكان; ك نجمة السفارات,5,5,0,0,0,0,0,4.177,1911.4,19910.8,0.03,0.03,1.164,38,53.35,7.96249532225938,5.0,0.0,53.333054
grid_7_13,30.0375,31.3405,0.1109,شارع جمال سليم,اولاد بخيت; مكه; مقلة العوام; ك المنتصر بالله; اولاد حسان; البان الحصرى,11,11,0,0,0,0,0,4.101,1830.5,19068.5,0.05,0.05,1.374,37,43.2,7.5644234423409085,5.0,0.0,43.270664
grid_7_14,30.0375,31.3435,0.1109,شارع جمال سليم,National Bank of Egypt; الأقصى م; كايرو ماركت; التحرير م; اولاد بخيت,5,4,0,0,0,0,1,2.436,1454.6,15152.6,0.06,0.06,1.609,31,51.87,7.602910058729114,5.0,0.0,51.78885
grid_7_15,30.0375,31.3465,0.1109,شارع الشيخ كامل خضر,,0,0,0,0,0,0,0,2.731,1502.8,15654.5,0.271,0.271,1.859,22,60.46,5.701746457400851,5.0,0.0,60.47882
grid_7_16,30.0375,31.3495,0.1109,Unknown,,0,0,0,0,0,0,0,0.0,1453.4,15140.3,0.487,0.487,2.04,16,55.0,0.0,0.0,0.0,54.996727
grid_7_17,30.0375,31.3525,0.1109,Unknown,,0,0,0,0,0,0,0,0.0,1352.4,14087.9,0.745,0.745,2.187,5,55.0,1.245465755529868,5.0,0.0,54.993023
grid_7_18,30.0375,31.3555,0.1109,محور شينزو ابى,,0,0,0,0,0,0,0,4.187,955.0,9948.2,1.019,1.019,2.359,0,63.37,7.510320414167555,7.0,1.0,63.379837
grid_7_19,30.0375,31.3585,0.1109,محور شينزو ابى,,0,0,0,0,0,0,0,4.369,1000.1,10418.4,0.842,1.3,2.553,1,63.74,6.429256861369439,6.0,0.0,63.801792
grid_7_20,30.0375,31.3615,0.1109,شارع عثمان بن عفان,,0,0,0,0,0,0,0,2.74,824.0,8583.9,0.73,1.329,2.764,1,60.48,4.621597711984367,3.0,0.0,60.45586
grid_7_21,30.0375,31.3645,0.1109,شارع المهندس عماد عيسي,,0,0,0,0,0,0,0,2.891,616.7,6424.4,0.723,1.04,2.889,1,60.78,3.63809274939974,3.0,0.0,60.813354
grid_7_22,30.0375,31.3675,0.1109,شارع الطوب الرملي,,0,0,0,0,0,0,0,2.154,669.8,6977.7,0.752,0.752,2.694,3,59.31,3.102520536553268,3.0,0.0,59.345394
grid_7_23,30.0375,31.3705,0.1109,شارع محمد متولي الشعراوى,,0,0,0,0,0,0,0,2.521,678.4,7066.6,0.465,0.465,2.518,4,60.04,3.482343397724826,3.0,0.0,60.028934
grid_7_24,30.0375,31.3735,0.1109,شارع محمد متولي الشعراوى,,0,0,0,0,0,0,0,2.028,800.5,8339.3,0.184,0.184,2.363,4,59.06,4.162204623835724,3.0,0.0,58.979664
grid_7_25,30.0375,31.3765,0.1109,شارع محمد متولي الشعراوى,سوبرماركت مرحبا,1,1,0,0,0,0,0,2.987,746.4,7775.7,0.135,0.135,2.236,4,58.97,4.462271019460397,3.0,0.0,59.119423
grid_7_26,30.0375,31.3795,0.1109,محور المشير محمد على فهمي,,0,0,0,0,0,0,0,2.165,537.0,5593.7,0.411,0.411,2.14,5,59.33,3.9426946120054094,7.0,8.0,59.33447
grid_7_27,30.0375,31.3825,0.1109,Unknown,,0,0,0,0,0,0,0,0.0,366.8,3821.2,0.595,0.595,2.08,6,46.75,0.0,0.0,0.0,46.86042
grid_7_28,30.0375,31.3855,0.1109,Unknown,,0,0,0,0,0,0,0,0.643,354.7,3694.8,0.838,0.838,2.059,6,47.15,0.0,0.0,0.0,47.057583
grid_7_29,30.0375,31.3885,0.1109,Unknown,,0,0,0,0,0,0,0,1.303,426.4,4441.3,0.645,0.645,2.079,11,53.7,0.0,0.0,0.0,53.365562
grid_7_30,30.0375,31.3915,0.1109,محور الدكتوره سميره موسى,,0,0,0,0,0,0,0,2.088,460.8,4799.7,0.478,0.478,2.138,16,57.77,7.066509476956015,7.0,5.0,57.814514
grid_7_31,30.0375,31.3945,0.1109,محور المشير محمد على فهمي,,0,0,0,0,0,0,0,2.14,423.0,4406.5,0.366,0.366,2.232,17,55.13,7.702219893068398,7.0,7.0,55.177456
grid_7_32,30.0375,31.3975,0.1109,محور المشير محمد على فهمي,البرنس,1,1,0,0,0,0,0,2.786,490.5,5109.9,0.185,0.185,2.359,17,58.57,10.273355310363051,7.0,2.0,58.614697
grid_7_33,30.0375,31.4005,0.1109,محور المشير محمد على فهمي,,0,0,0,0,0,0,0,3.093,509.5,5307.9,0.203,0.203,2.512,17,61.19,8.230508479187215,7.0,4.0,61.156765
grid_7_34,30.0375,31.4035,0.1109,كوبرى البطلة فريال عبد العزيز,,0,0,0,0,0,0,0,1.722,267.1,2782.8,0.437,0.437,2.688,13,42.92,36.92250754614688,10.0,9.0,42.934433
grid_7_35,30.0375,31.4065,0.1109,كوبرى البطلة فريال عبد العزيز,,0,0,0,0,0,0,0,2.388,41.5,432.7,0.699,0.699,2.882,8,27.8,6.484500381900005,7.0,4.0,27.782333
grid_7_36,30.0375,31.4095,0.1109,محور طه حسين,,0,0,0,0,0,0,0,5.013,36.0,375.2,0.977,0.977,3.091,1,32.65,6.232640399297179,7.0,4.0,32.66788
grid_7_37,30.0375,31.4125,0.1109,محور طه حسين,,0,0,0,0,0,0,0,2.491,35.1,365.9,1.259,1.259,3.312,0,27.54,3.8815623527415353,7.0,2.0,27.556953
grid_7_38,30.0375,31.4155,0.1109,محور طه حسين,,0,0,0,0,0,0,0,4.091,37.7,392.9,1.544,1.544,3.543,0,30.93,6.755283751234964,7.0,2.0,30.910866
grid_7_39,30.0375,31.4185,0.1109,محور طه حسين,,0,0,0,0,0,0,0,1.585,53.5,557.5,1.83,1.83,3.782,0,27.07,7.159682152214747,7.0,2.0,26.886236
grid_8_0,30.0405,31.3015,0.1109,محور جيهان السادات,,0,0,0,0,0,0,0,2.014,2211.7,23040.2,1.745,1.745,2.739,0,59.03,7.95370018393342,7.0,2.0,59.038345
grid_8_1,30.0405,31.3045,0.1109,محور جيهان السادات,,0,0,0,0,0,0,0,1.919,1175.0,12240.1,1.959,1.959,2.457,0,58.84,2.695687026444272,7.0,2.0,58.83054
grid_8_2,30.0405,31.3075,0.1109,محور جيهان السادات,,0,0,0,0,0,0,0,0.729,368.4,3837.4,2.176,2.19,2.176,0,48.32,20.025740217061053,9.0,10.0,48.351334
grid_8_3,30.0405,31.3105,0.1109,Unknown,,0,0,0,0,0,0,0,0.0,405.3,4221.8,1.897,1.932,1.897,0,49.55,0.0,0.0,0.0,49.63814
grid_8_4,30.0405,31.3135,0.1109,Unknown,,0,0,0,0,0,0,0,0.0,330.3,3440.6,1.622,1.644,1.622,0,44.08,0.0,0.0,0.0,43.957493
grid_8_5,30.0405,31.3165,0.1109,محور جيهان السادات,,0,0,0,0,0,0,0,0.988,279.6,2913.1,1.352,1.355,1.352,0,42.37,20.54911167540018,7.0,2.0,42.347534
grid_8_6,30.0405,31.3195,0.1109,محور جيهان السادات,,0,0,0,0,0,0,0,1.127,290.2,3023.3,1.066,1.066,1.093,0,43.42,0.0,0.0,0.0,43.349133
grid_8_7,30.0405,31.3225,0.1109,محور جيهان السادات,,0,0,0,0,0,0,0,0.626,368.4,3837.9,0.778,0.778,0.852,8,48.12,0.0,0.0,0.0,48.063805
grid_8_8,30.0405,31.3255,0.1109,محور الشهيد,,0,0,0,0,0,0,0,1.553,486.5,5067.7,0.489,0.489,0.652,14,58.11,4.520621404501932,7.0,1.0,58.070946
grid_8_9,30.0405,31.3285,0.1109,شارع جمال سليم,,0,0,0,0,0,0,0,1.546,777.9,8103.7,0.202,0.202,0.54,21,58.09,5.295239791480109,7.0,1.0,58.118713
grid_8_10,30.0405,31.3315,0.1109,شارع المستشار حافظ بدوي,أولاد الحاج رجب; جواهر; Rumah Makan Sabiek; ك بغدادى; ك الحرية; القدس,11,7,0,2,0,1,0,3.808,1816.2,18920.5,0.008,0.008,0.569,30,52.37,6.134146340580838,5.0,0.0,52.383976
grid_8_11,30.0405,31.3345,0.1109,شارع المستشار حافظ بدوي,مكتبة الاندلس; ك جمعية احباء مصر; توب ماركت,3,3,0,0,0,0,0,3.467,2298.9,23948.1,0.033,0.033,0.723,38,55.93,3.541706341277424,1.0,0.0,55.86795
grid_8_12,30.0405,31.3375,0.1109,شارع المستشار حافظ بدوي,,0,0,0,0,0,0,0,4.0,2358.3,24567.5,0.214,0.214,0.943,39,63.0,3.9372237024110346,1.0,0.0,62.982864
grid_8_13,30.0405,31.3405,0.1109,شارع الدكتور ابراهيم ابو النجا,,0,0,0,0,0,0,0,3.061,2026.1,21106.8,0.27,0.27,1.193,39,61.12,6.703654138216125,5.0,0.0,61.224182
grid_8_14,30.0405,31.3435,0.1109,شارع عمر بن الخطاب,Garnet Coffee; صيدلية الدكتورة مريم,2,0,0,1,1,0,0,1.42,1532.6,15965.9,0.384,0.384,1.457,31,60.34,1.7444524503521317,1.0,0.0,60.362595
grid_8_15,30.0405,31.3465,0.1109,شارع الشيخ كامل خضر,,0,0,0,0,0,0,0,1.295,1249.9,13021.2,0.471,0.471,1.615,22,57.59,2.539538416223928,5.0,0.0,57.55477
grid_8_16,30.0405,31.3495,0.1109,Unknown,,0,0,0,0,0,0,0,0.0,933.0,9719.5,0.677,0.677,1.75,14,55.0,0.0,0.0,0.0,55.001137
grid_8_17,30.0405,31.3525,0.1109,Unknown,,0,0,0,0,0,0,0,0.0,931.1,9699.5,0.92,0.92,1.918,5,55.0,0.0,0.0,0.0,55.004505
grid_8_18,30.0405,31.3555,0.1109,شارع الوفاء و الامل,,0,0,0,0,0,0,0,0.914,967.5,10079.1,0.83,1.154,2.113,1,56.83,5.700771562730481,7.0,3.0,56.828064
grid_8_19,30.0405,31.3585,0.1109,محور شينزو ابى,,0,0,0,0,0,0,0,2.533,988.8,10300.4,0.588,1.408,2.328,1,60.07,2.0189026518182773,3.0,0.0,60.153805
grid_8_20,30.0405,31.3615,0.1109,شارع عثمان بن عفان,,0,0,0,0,0,0,0,1.095,1047.7,10914.2,0.411,1.314,2.557,1,57.19,3.0415156496638045,3.0,0.0,57.24116
grid_8_21,30.0405,31.3645,0.1109,شارع الطوب الرملي,,0,0,0,0,0,0,0,2.407,981.7,10227.0,0.399,1.026,2.661,1,59.81,3.1895443120409928,3.0,0.0,59.826843
grid_8_22,30.0405,31.3675,0.1109,شارع 10,,0,0,0,0,0,0,0,1.528,816.1,8501.2,0.562,0.738,2.449,5,58.06,4.441167041446264,3.0,0.0,58.07385
grid_8_23,30.0405,31.3705,0.1109,شارع 9,,0,0,0,0,0,0,0,4.738,852.7,8882.8,0.453,0.453,2.253,5,64.48,7.766746954862071,3.0,0.0,64.494736
grid_8_24,30.0405,31.3735,0.1109,شارع 3,,0,0,0,0,0,0,0,4.16,863.2,8991.8,0.177,0.177,2.079,4,63.32,6.503847516592755,3.0,0.0,63.384842
grid_8_25,30.0405,31.3765,0.1109,شارع الواحه,اولاد عبدالرحيم,1,1,0,0,0,0,0,4.865,902.6,9402.3,0.129,0.129,1.933,6,62.73,7.004700408246566,3.0,0.0,62.732483
grid_8_26,30.0405,31.3795,0.1109,محور المشير محمد على فهمي الجانبى,,0,0,0,0,0,0,0,0.569,618.1,6439.0,0.175,0.175,1.821,6,56.14,9.51286928197986,7.0,2.0,56.16539
grid_8_27,30.0405,31.3825,0.1109,Unknown,,0,0,0,0,0,0,0,0.0,440.4,4587.7,0.46,0.46,1.75,11,52.11,0.0,0.0,0.0,52.376976
grid_8_28,30.0405,31.3855,0.1109,Unknown,,0,0,0,0,0,0,0,0.427,442.8,4612.4,0.523,0.533,1.726,14,53.14,0.0,0.0,0.0,53.274975
grid_8_29,30.0405,31.3885,0.1109,محور المشير محمد على فهمي,,0,0,0,0,0,0,0,0.992,448.7,4674.0,0.481,0.481,1.749,26,54.7,6.035810485114252,7.0,1.0,54.424046
grid_8_30,30.0405,31.3915,0.1109,محور المشير محمد على فهمي,,0,0,0,0,0,0,0,2.507,426.5,4442.6,0.21,0.21,1.818,33,56.11,9.752790798021714,7.0,8.0,56.159042
grid_8_31,30.0405,31.3945,0.1109,شارع عمر بن عبد العزيز,حميدو,1,1,0,0,0,0,0,2.286,612.6,6381.2,0.154,0.154,1.929,34,57.57,5.594036265081136,7.0,2.0,57.50028
grid_8_32,30.0405,31.3975,0.1109,Unknown,نجمة الزهراء; اكسبرس; الحمد; تاج الدين; الحوت; الانوار المحمديه,6,6,0,0,0,0,0,2.232,698.8,7280.0,0.026,0.026,2.074,31,47.46,3.5706299411326703,1.0,0.0,47.42865
grid_8_33,30.0405,31.4005,0.1109,شارع الشهيد رائد وليد عصام رمضان,المنى ماركت,1,1,0,0,0,0,0,1.823,604.2,6294.5,0.132,0.132,2.247,26,56.65,3.701569443333631,3.0,0.0,56.640923
grid_8_34,30.0405,31.4035,0.1109,شارع زهراء مدينة نصر,,0,0,0,0,0,0,0,0.576,403.6,4204.1,0.385,0.385,2.442,20,50.58,13.475851855647736,10.0,3.0,50.542988
grid_8_35,30.0405,31.4065,0.1109,Unknown,,0,0,0,0,0,0,0,1.046,90.1,938.9,0.668,0.668,2.654,14,28.66,0.0316855113761077,1.0,0.0,28.543697
grid_8_36,30.0405,31.4095,0.1109,Unknown,,0,0,0,0,0,0,0,0.0,99.3,1034.3,0.955,0.955,2.88,1,27.24,0.0,0.0,0.0,27.475035
grid_8_37,30.0405,31.4125,0.1109,Unknown,,0,0,0,0,0,0,0,1.096,94.2,981.3,1.242,1.242,3.116,0,29.06,0.0,0.0,0.0,29.243998
grid_8_38,30.0405,31.4155,0.1109,Unknown,,0,0,0,0,0,0,0,1.455,97.0,1010.1,1.53,1.53,3.36,0,29.98,0.0,0.0,0.0,30.024292
grid_8_39,30.0405,31.4185,0.1109,Unknown,,0,0,0,0,0,0,0,0.674,115.9,1207.9,1.818,1.818,3.611,0,29.8,0.0,0.0,0.0,29.752783
grid_9_0,30.0435,31.3015,0.1109,Unknown,,0,0,0,0,0,0,0,0.0,303.0,3156.1,1.526,1.526,2.694,0,42.09,0.0,0.0,0.0,42.124527
grid_9_1,30.0435,31.3045,0.1109,طريق اعمار,,0,0,0,0,0,0,0,1.353,485.7,5060.3,1.767,1.767,2.406,0,57.71,1.8030767512572947,7.0,8.0,57.736702
grid_9_2,30.0435,31.3075,0.1109,امتداد شارع رمسيس,,0,0,0,0,0,0,0,1.361,566.3,5899.8,2.02,2.02,2.119,0,57.72,15.328890595289618,9.0,7.0,57.72562
grid_9_3,30.0435,31.3105,0.1109,امتداد شارع رمسيس,,0,0,0,0,0,0,0,0.82,556.8,5800.3,1.831,1.955,1.831,0,56.64,2.502997167455235,7.0,3.0,56.6485
grid_9_4,30.0435,31.3135,0.1109,Unknown,,0,0,0,0,0,0,0,0.0,466.8,4862.9,1.545,1.67,1.545,0,54.04,0.0,0.0,0.0,53.947502
grid_9_5,30.0435,31.3165,0.1109,Unknown,,0,0,0,0,0,0,0,0.0,368.0,3833.7,1.259,1.387,1.259,0,46.84,0.0,0.0,0.0,46.75262
grid_9_6,30.0435,31.3195,0.1109,Unknown,,0,0,0,0,0,0,0,0.0,409.4,4264.9,0.975,1.107,0.975,1,49.85,0.0,0.0,0.0,50.170853
grid_9_7,30.0435,31.3225,0.1109,محور الشهيد,,0,0,0,0,0,0,0,1.821,530.3,5524.7,0.695,0.833,0.695,10,58.64,10.55376361611865,7.0,2.0,58.64357
grid_9_8,30.0435,31.3255,0.1109,شارع الخليفه الظافر,,0,0,0,0,0,0,0,3.699,585.5,6099.8,0.426,0.573,0.426,15,62.4,9.88972318511848,7.0,3.0,62.38436
grid_9_9,30.0435,31.3285,0.1109,شارع عبد الله العربى,,0,0,0,0,0,0,0,5.072,797.4,8307.5,0.218,0.36,0.218,21,65.14,14.24531071742324,7.0,1.0,65.18886
grid_9_10,30.0435,31.3315,0.1109,شارع ذاكر حسين,,0,0,0,0,0,0,0,2.729,2022.7,21072.0,0.283,0.309,0.283,26,60.46,6.745611407358531,5.0,0.0,60.47504
grid_9_11,30.0435,31.3345,0.1109,شارع محمد فريد ابو حديد,سنتر ميراج; Rumah Makan Bandung; مدرسة جمال عبد الناصر التجريبية,6,0,1,3,0,2,0,3.068,2156.6,22466.5,0.227,0.227,0.528,33,65.39,5.916403236455008,5.0,0.0,65.40667
grid_9_12,30.0435,31.3375,0.1109,شارع ذاكر حسين,,0,0,0,0,0,0,0,2.856,2290.3,23859.2,0.224,0.224,0.803,40,60.71,5.408498517848926,5.0,0.0,60.71055
grid_9_13,30.0435,31.3405,0.1109,شارع الدكتور ابراهيم ابو النجا,,0,0,0,0,0,0,0,2.427,1930.5,20111.0,0.465,0.465,1.085,39,59.85,6.838933961539614,7.0,3.0,59.849594
grid_9_14,30.0435,31.3435,0.1109,شارع احمد الزمر,,0,0,0,0,0,0,0,0.282,1578.4,16443.5,0.416,0.416,1.202,30,55.56,0.0,0.0,0.0,55.542343
grid_9_15,30.0435,31.3465,0.1109,شارع الشيخ كامل خضر,قرية الأطفال إس أو إس,1,0,0,0,0,1,0,1.44,1153.1,12012.6,0.365,0.365,1.315,16,59.13,5.420386588553734,5.0,0.0,59.205185
grid_9_16,30.0435,31.3495,0.1109,Unknown,مدارس فيوتشر للغات,1,0,0,0,0,1,0,0.0,842.4,8776.3,0.51,0.51,1.477,4,56.25,0.0,0.0,0.0,56.25591
grid_9_17,30.0435,31.3525,0.1109,Unknown,,0,0,0,0,0,0,0,0.0,790.2,8232.0,0.744,0.744,1.674,1,55.0,0.0,0.0,0.0,55.001766
grid_9_18,30.0435,31.3555,0.1109,شارع الوفاء و الامل,,0,0,0,0,0,0,0,2.282,1134.1,11814.6,0.741,1.007,1.894,1,59.56,5.468039847709688,7.0,7.0,59.625
grid_9_19,30.0435,31.3585,0.1109,شارع السويسرى,,0,0,0,0,0,0,0,0.956,1498.5,15610.9,0.453,1.131,2.13,1,56.91,2.385030290536176,3.0,0.0,56.899323
grid_9_20,30.0435,31.3615,0.1109,محور شينزو ابى,,0,0,0,0,0,0,0,4.709,1560.3,16255.2,0.168,1.149,2.379,1,64.42,19.20403496469524,7.0,2.0,64.393684
grid_9_21,30.0435,31.3645,0.1109,شارع مساكن صقر قريش,,0,0,0,0,0,0,0,2.388,1562.7,16279.7,0.135,1.104,2.458,1,59.78,5.485246976528611,3.0,0.0,59.63083
grid_9_22,30.0435,31.3675,0.1109,شارع مساكن صقر قريش,,0,0,0,0,0,0,0,3.942,1521.5,15850.1,0.418,0.844,2.226,4,62.88,6.76867636797869,3.0,0.0,62.920692
grid_9_23,30.0435,31.3705,0.1109,شارع مساكن صقر قريش,,0,0,0,0,0,0,0,4.652,1554.5,16194.0,0.574,0.61,2.009,5,64.3,6.575950469234772,3.0,0.0,64.38705
grid_9_24,30.0435,31.3735,0.1109,شارع مساكن صقر قريش,,0,0,0,0,0,0,0,4.495,1437.1,14971.6,0.298,0.446,1.812,5,63.99,7.909546283718491,3.0,0.0,63.935074
grid_9_25,30.0435,31.3765,0.1109,شارع مساكن صقر قريش,,0,0,0,0,0,0,0,3.908,1232.3,12837.2,0.124,0.311,1.642,6,62.82,7.711228123201547,3.0,0.0,62.852283
grid_9_26,30.0435,31.3795,0.1109,محور المشير محمد على فهمي,,0,0,0,0,0,0,0,3.802,688.5,7172.8,0.33,0.333,1.509,11,62.6,8.864379677026427,7.0,7.0,62.550224
grid_9_27,30.0435,31.3825,0.1109,محور المشير محمد على فهمي,,0,0,0,0,0,0,0,1.201,563.2,5867.0,0.239,0.301,1.423,16,57.4,6.078811686448785,7.0,5.0,57.438473
grid_9_28,30.0435,31.3855,0.1109,محور المشير محمد على فهمي,,0,0,0,0,0,0,0,1.609,513.8,5352.9,0.205,0.205,1.392,23,58.22,4.287931781083914,7.0,1.0,58.240383
grid_9_29,30.0435,31.3885,0.1109,محور المشير محمد على فهمي,,0,0,0,0,0,0,0,2.753,564.9,5884.8,0.256,0.256,1.421,37,60.51,8.341771393400341,7.0,1.0,60.487587
grid_9_30,30.0435,31.3915,0.1109,Unknown,,0,0,0,0,0,0,0,1.829,538.1,5605.9,0.244,0.244,1.505,47,58.66,3.720361073385378,3.0,0.0,58.665455
grid_9_31,30.0435,31.3945,0.1109,شارع عمر بن عبد العزيز,الربيعي,1,1,0,0,0,0,0,2.97,600.9,6260.2,0.169,0.169,1.637,49,58.94,5.38092301395963,3.0,0.0,58.89388
grid_9_32,30.0435,31.3975,0.1109,Unknown,التحرير; الندي; العالميه 2,3,3,0,0,0,0,0,1.874,701.5,7308.3,0.084,0.084,1.806,46,52.75,1.771270140734429,1.0,0.0,52.771694
grid_9_33,30.0435,31.4005,0.1109,شارع الشهيد رائد وليد عصام رمضان,,0,0,0,0,0,0,0,1.981,584.6,6090.2,0.149,0.149,2.002,40,58.96,4.024193554116085,3.0,0.0,58.9136
grid_9_34,30.0435,31.4035,0.1109,شارع زهراء مدينة نصر,,0,0,0,0,0,0,0,0.791,405.8,4227.7,0.429,0.429,2.219,31,51.18,7.951946466522432,9.0,3.0,51.185173
grid_9_35,30.0435,31.4065,0.1109,Unknown,,0,0,0,0,0,0,0,1.957,92.6,964.6,0.685,0.685,2.451,19,30.67,5.200942354800547,9.0,4.0,30.752096
grid_9_36,30.0435,31.4095,0.1109,Unknown,,0,0,0,0,0,0,0,1.521,98.9,1029.8,0.96,0.96,2.693,2,30.25,0.0,0.0,0.0,30.153234
grid_9_37,30.0435,31.4125,0.1109,Unknown,,0,0,0,0,0,0,0,2.765,112.6,1172.6,1.238,1.238,2.944,0,33.74,0.0,0.0,0.0,33.640263
grid_9_38,30.0435,31.4155,0.1109,Unknown,,0,0,0,0,0,0,0,1.277,100.5,1046.9,1.48,1.489,3.202,0,29.88,0.0,0.0,0.0,29.995459
grid_9_39,30.0435,31.4185,0.1109,Unknown,,0,0,0,0,0,0,0,1.599,85.4,889.4,1.723,1.751,3.464,0,29.42,0.0,0.0,0.0,29.31538
grid_10_0,30.0465,31.3015,0.1109,امتداد شارع السلام,,0,0,0,0,0,0,0,0.41,284.9,2967.7,1.355,1.355,2.69,0,41.59,1.47499472150441,1.0,0.0,41.658524
grid_10_1,30.0465,31.3045,0.1109,Unknown,,0,0,0,0,0,0,0,0.0,507.8,5289.7,1.621,1.621,2.402,0,55.0,0.0,0.0,0.0,55.004707
grid_10_2,30.0465,31.3075,0.1109,امتداد شارع رمسيس,,0,0,0,0,0,0,0,0.594,640.6,6673.5,1.894,1.894,2.114,0,56.19,2.994614860037584,9.0,1.0,56.16098
grid_10_3,30.0465,31.3105,0.1109,شارع ناى الشرطة,,0,0,0,0,0,0,0,2.729,707.1,7366.6,1.826,2.0,1.826,0,60.46,8.610016228962845,7.0,2.0,60.481876
grid_10_4,30.0465,31.3135,0.1109,امتداد شارع رمسيس,,2,0,0,0,0,0,0,2.773,560.0,5834.4,1.538,1.716,1.538,0,60.55,7.541237917585914,7.0,13.0,60.577263
grid_10_5,30.0465,31.3165,0.1109,محور الشهيد,,0,0,0,0,0,0,0,1.53,496.4,5171.9,1.25,1.434,1.25,0,58.06,4.458954086848776,7.0,7.0,58.05253
grid_10_6,30.0465,31.3195,0.1109,محور الشهيد,,0,0,0,0,0,0,0,1.29,504.4,5255.0,0.964,1.156,0.964,2,57.58,5.4953579233580845,7.0,2.0,57.494186
grid_10_7,30.0465,31.3225,0.1109,شارع الخليفه الظافر,,0,0,0,0,0,0,0,2.691,595.2,6201.1,0.679,0.884,0.679,4,60.38,3.96804217624868,3.0,0.0,60.449482
grid_10_8,30.0465,31.3255,0.1109,شارع عبد العزيز الشناوي البخاري,,0,0,0,0,0,0,0,2.721,691.6,7205.2,0.4,0.628,0.4,11,60.44,5.13919865108408,3.0,0.0,60.449333
grid_10_9,30.0465,31.3285,0.1109,شارع عبد الله العربى,,0,0,0,0,0,0,0,3.899,1027.5,10704.4,0.161,0.417,0.161,15,62.8,6.664747412759845,5.0,0.0,62.696503
grid_10_10,30.0465,31.3315,0.1109,شارع موسي الكاظم,,0,0,0,0,0,0,0,2.495,1924.3,20047.2,0.242,0.347,0.242,17,59.99,3.915759907073329,1.0,0.0,59.98825
grid_10_11,30.0465,31.3345,0.1109,شارع نصر خسرو,,0,0,0,0,0,0,0,2.845,1661.6,17310.3,0.483,0.483,0.508,22,60.69,2.8227227503600565,1.0,0.0,60.6179
grid_10_12,30.0465,31.3375,0.1109,شارع نصر خسرو,,0,0,0,0,0,0,0,1.585,1882.4,19610.7,0.527,0.527,0.79,30,58.17,2.685489482634328,1.0,0.0,58.12146
grid_10_13,30.0465,31.3405,0.1109,شارع ابو العتاهيه,الزهور; عيادة د. احمد العساف,3,0,0,1,1,0,0,2.942,1807.1,18826.0,0.503,0.503,0.819,17,63.38,7.2252659036175935,7.0,5.0,63.309475
grid_10_14,30.0465,31.3435,0.1109,شارع احمد الزمر,الملك فهد,1,0,0,0,0,1,0,3.174,1649.6,17185.6,0.215,0.215,0.888,8,62.6,6.326834714783986,7.0,3.0,62.728718
grid_10_15,30.0465,31.3465,0.1109,شارع احمد الزمر,صيدلية صياح; مطعم اسماك حمو; ماركت جمعة,3,1,0,1,1,0,0,2.467,1480.3,15421.7,0.079,0.079,1.036,3,60.43,7.283098461832748,7.0,3.0,60.463387
grid_10_16,30.0465,31.3495,0.1109,شارع احمد الزمر,مدرسه الالسن للغات,1,0,0,0,0,1,0,2.199,1328.1,13836.5,0.365,0.365,1.235,3,60.65,3.9835002185982815,7.0,4.0,60.594032
grid_10_17,30.0465,31.3525,0.1109,شارع احمد الزمر,,0,0,0,0,0,0,0,2.526,1053.4,10974.4,0.653,0.653,1.465,1,60.05,6.843837472735398,7.0,5.0,59.988655
grid_10_18,30.0465,31.3555,0.1109,كوبرى مسجد السلام,وطنية الوفاء والامل; النجار; محطة وطنية,3,0,0,0,1,0,0,5.023,1305.4,13599.8,0.794,0.874,1.712,6,66.3,17.783938813414863,7.0,14.0,66.25351
grid_10_19,30.0465,31.3585,0.1109,شارع احمد الزمر,,0,0,0,0,0,0,0,3.024,1587.3,16537.0,0.535,0.798,1.97,5,61.05,4.31854519672531,7.0,4.0,61.007942
grid_10_20,30.0465,31.3615,0.1109,شارع احمد الزمر,كار غاز; محطة بنزين,2,0,0,0,0,0,0,3.778,1735.3,18077.9,0.331,0.823,2.236,3,62.56,5.849557490250026,7.0,5.0,62.555702
grid_10_21,30.0465,31.3645,0.1109,محور شينزو ابى,سوق السيارات,1,0,0,0,0,0,0,5.553,1771.0,18450.0,0.316,0.87,2.286,4,66.11,21.55366333906145,7.0,7.0,66.157265
grid_10_22,30.0465,31.3675,0.1109,شارع احمد الزمر,,0,0,0,0,0,0,0,4.211,1720.7,17926.0,0.506,0.809,2.034,4,63.42,9.997478719813504,7.0,6.0,63.525646
grid_10_23,30.0465,31.3705,0.1109,شارع المثلث,,0,0,0,0,0,0,0,4.91,1684.9,17553.8,0.599,0.813,1.794,5,64.82,6.575123311621433,7.0,2.0,64.841606
grid_10_24,30.0465,31.3735,0.1109,شارع محطه المدرسه,,0,0,0,0,0,0,0,4.153,1596.2,16629.0,0.344,0.743,1.57,8,63.31,6.75313693306514,1.0,0.0,63.2216
grid_10_25,30.0465,31.3765,0.1109,شارع فاروق الحريري,,0,0,0,0,0,0,0,4.681,1267.3,13202.9,0.211,0.632,1.371,13,64.36,8.093803400632265,1.0,0.0,64.38183
grid_10_26,30.0465,31.3795,0.1109,شارع محمد رضوان,,0,0,0,0,0,0,0,2.253,850.1,8856.1,0.371,0.535,1.208,18,59.51,9.275339896790715,7.0,3.0,59.545624
grid_10_27,30.0465,31.3825,0.1109,شارع المحكمه,,0,0,0,0,0,0,0,1.078,737.3,7681.1,0.228,0.266,1.098,23,57.16,3.970710806412353,3.0,0.0,57.3038
grid_10_28,30.0465,31.3855,0.1109,شارع المشتل,الحمد; الشبراوي,2,2,0,0,0,0,0,2.749,762.8,7946.9,0.128,0.128,1.059,32,56.5,4.204915233512212,1.0,0.0,56.52081
grid_10_29,30.0465,31.3885,0.1109,شارع ابو بكر الصديق,ابو المعاطي; اولاد حسين; بطه,3,3,0,0,0,0,0,2.488,876.0,9126.6,0.122,0.122,1.096,35,53.98,2.578901312699845,1.0,0.0,53.953354
grid_10_30,30.0465,31.3915,0.1109,شارع ابو بكر الصديق,سلطان; عباد الرحمن; المروة; بركه,4,4,0,0,0,0,0,1.634,823.7,8581.2,0.032,0.032,1.204,54,50.27,2.673790616420695,1.0,0.0,50.280308
grid_10_31,30.0465,31.3945,0.1109,شارع عمر بن عبد العزيز,الزهراء; اسواق فريش; شه,3,3,0,0,0,0,0,1.924,819.9,8542.2,0.115,0.115,1.365,55,52.85,3.131107487849449,1.0,0.0,52.817318
grid_10_32,30.0465,31.3975,0.1109,Unknown,المهندس,1,1,0,0,0,0,0,2.511,820.7,8550.3,0.173,0.173,1.563,52,58.02,4.769896823324093,3.0,0.0,58.008965
grid_10_33,30.0465,31.4005,0.1109,شارع الشهيد رائد وليد عصام رمضان,كوتشي; البركه; الاسره; هاني; أسواق الخير,5,5,0,0,0,0,0,1.789,605.1,6304.3,0.047,0.047,1.787,47,48.58,4.023135416173861,3.0,0.0,48.668114
grid_10_34,30.0465,31.4035,0.1109,Unknown,,0,0,0,0,0,0,0,0.076,553.9,5770.9,0.336,0.336,2.026,35,55.15,0.0,0.0,0.0,55.09237
grid_10_35,30.0465,31.4065,0.1109,Unknown,,0,0,0,0,0,0,0,0.957,207.1,2157.2,0.573,0.573,2.278,17,37.01,7.901521021061449,9.0,4.0,37.096836
grid_10_36,30.0465,31.4095,0.1109,Unknown,,0,0,0,0,0,0,0,1.992,107.3,1117.8,0.819,0.824,2.537,7,31.81,0.0,0.0,0.0,31.878998
grid_10_37,30.0465,31.4125,0.1109,Unknown,,0,0,0,0,0,0,0,2.254,96.9,1009.3,1.056,1.093,2.802,0,31.57,0.0,0.0,0.0,31.614027
grid_10_38,30.0465,31.4155,0.1109,Unknown,,0,0,0,0,0,0,0,0.495,98.8,1028.9,1.314,1.37,3.071,0,28.19,0.0,0.0,0.0,28.118519
grid_10_39,30.0465,31.4185,0.1109,Unknown,,0,0,0,0,0,0,0,0.0,109.0,1135.3,1.583,1.652,3.344,0,27.95,0.0,0.0,0.0,28.07259
grid_11_0,30.0495,31.3015,0.1109,Unknown,,0,0,0,0,0,0,0,0.0,263.4,2744.7,1.251,1.251,2.727,0,39.21,0.0,0.0,0.0,39.15899
grid_11_1,30.0495,31.3045,0.1109,Unknown,,0,0,0,0,0,0,0,0.0,500.5,5214.1,1.536,1.536,2.443,0,55.0,0.0,0.0,0.0,55.10878
grid_11_2,30.0495,31.3075,0.1109,شارع الخليفه القاهر,,0,0,0,0,0,0,0,0.495,709.8,7394.7,1.821,1.821,2.161,0,55.99,4.689784337094946,9.0,3.0,55.968422
grid_11_3,30.0495,31.3105,0.1109,شارع الخليفه القاهر,,0,0,0,0,0,0,0,1.487,712.7,7425.0,1.809,1.955,1.88,0,57.97,7.706654506215512,7.0,7.0,57.84468
grid_11_4,30.0495,31.3135,0.1109,شارع الخليفه القاهر,,0,0,0,0,0,0,0,4.439,612.6,6382.4,1.521,1.682,1.602,0,63.88,12.262397947750422,7.0,19.0,63.873264
grid_11_5,30.0495,31.3165,0.1109,شارع الخليفه القاهر,,0,0,0,0,0,0,0,3.044,614.5,6401.9,1.232,1.393,1.328,0,61.09,8.605608823402312,7.0,7.0,61.08529
grid_11_6,30.0495,31.3195,0.1109,شارع الخليفه القاهر,,0,0,0,0,0,0,0,2.49,666.6,6944.6,0.943,1.104,1.063,2,59.98,5.37954588638138,7.0,4.0,59.93637
grid_11_7,30.0495,31.3225,0.1109,شارع الخليفه الظافر,,0,0,0,0,0,0,0,2.575,748.5,7798.4,0.655,0.815,0.814,4,60.15,4.844536455520869,7.0,1.0,60.149364
grid_11_8,30.0495,31.3255,0.1109,شارع جعفر الصديق,Al Sayida Aisha School,1,0,0,0,0,1,0,2.713,768.9,8011.0,0.366,0.527,0.601,4,61.68,4.687163515040962,1.0,0.0,61.72411
grid_11_9,30.0495,31.3285,0.1109,شارع عبد الله العربى,Sahlala; Family Market; Happy Day; مركز نيروكير,4,1,0,1,0,0,0,3.56,1393.7,14520.5,0.079,0.238,0.476,5,61.37,6.172044612912073,5.0,0.0,61.324184
grid_11_10,30.0495,31.3315,0.1109,شارع الحسن بن على,AlTayp,1,1,0,0,0,0,0,2.508,1778.0,18524.1,0.052,0.052,0.509,8,58.02,3.812078645270305,1.0,0.0,58.114132
grid_11_11,30.0495,31.3345,0.1109,شارع محمد فتح الله السليطي,أولاد الحج رجب فرع الحديقة الدولية,2,0,0,1,0,0,0,2.225,1291.6,13456.2,0.34,0.34,0.677,8,60.7,1.8145030690725887,1.0,0.0,60.704857
grid_11_12,30.0495,31.3375,0.1109,Unknown,,2,0,0,1,0,0,0,0.0,1572.5,16382.7,0.534,0.538,0.534,9,56.25,0.0,0.0,0.0,56.244156
grid_11_13,30.0495,31.3405,0.1109,شارع ابو العتاهيه,,0,0,0,0,0,0,0,2.811,1833.3,19100.3,0.334,0.334,0.487,6,60.62,9.358944332258307,7.0,2.0,60.574783
grid_11_14,30.0495,31.3435,0.1109,شارع احمد الخشاب,,0,0,0,0,0,0,0,2.738,1904.7,19843.5,0.317,0.317,0.596,4,60.48,3.31416920503569,1.0,0.0,60.452244
grid_11_15,30.0495,31.3465,0.1109,شارع سمير عبد الرؤوف,,0,0,0,0,0,0,0,2.934,1921.6,20019.6,0.319,0.319,0.8,4,60.87,4.768663598295073,3.0,0.0,60.860256
grid_11_16,30.0495,31.3495,0.1109,شارع عبد الحميد لطفي,تكنولوجي مول,1,0,0,0,0,0,0,2.245,1734.2,18067.5,0.478,0.478,1.045,6,59.49,3.6750432914677087,3.0,0.0,59.547768
grid_11_17,30.0495,31.3525,0.1109,شارع نجاتي سراج,,0,0,0,0,0,0,0,2.949,1723.5,17956.4,0.707,0.707,1.308,5,60.9,6.05431554093858,3.0,0.0,60.927197
grid_11_18,30.0495,31.3555,0.1109,شارع دكتور حسن الشريف,الصديق,1,0,0,0,0,1,0,2.679,1662.3,17318.2,0.587,0.587,1.58,6,61.61,9.025675513673413,7.0,5.0,61.672523
grid_11_19,30.0495,31.3585,0.1109,Unknown,,0,0,0,0,0,0,0,0.0,1704.4,17757.5,0.467,0.467,1.857,6,55.0,0.7706887677867642,1.0,0.0,54.998657
grid_11_20,30.0495,31.3615,0.1109,شارع عبد الحى حليم,,0,0,0,0,0,0,0,2.286,1860.9,19387.5,0.508,0.508,2.137,7,59.57,3.569468209688422,1.0,0.0,59.646084
grid_11_21,30.0495,31.3645,0.1109,شارع الدكتور اسماعيل وهبي,مدرسة سمبيات ابيولا,1,0,0,0,0,1,0,2.832,1689.6,17603.3,0.536,0.536,2.151,7,61.91,5.267183286804969,3.0,0.0,61.84707
grid_11_22,30.0495,31.3675,0.1109,محور شينزو ابى,,0,0,0,0,0,0,0,3.866,1461.6,15227.3,0.483,0.483,1.882,4,62.73,5.705116308895348,6.0,0.0,62.689384
grid_11_23,30.0495,31.3705,0.1109,شارع احمد الزمر,,0,0,0,0,0,0,0,2.428,1370.1,14273.9,0.489,0.489,1.62,7,59.86,9.095847155227371,7.0,4.0,59.825745
grid_11_24,30.0495,31.3735,0.1109,شارع احمد الزمر,صيدلية العزبي,1,0,0,0,1,0,0,4.14,1542.6,16071.2,0.572,0.572,1.367,7,64.53,5.514402104443037,7.0,5.0,64.54116
grid_11_25,30.0495,31.3765,0.1109,شارع احمد الزمر,,0,0,0,0,0,0,0,2.949,1424.8,14844.2,0.385,0.385,1.133,13,60.9,7.477914054290041,7.0,7.0,60.91296
grid_11_26,30.0495,31.3795,0.1109,شارع محمد متولي الشعراوي,موبيل; برج معمل الفا لاب الطبى,2,0,0,0,0,0,0,4.408,1296.5,13506.9,0.369,0.369,0.93,17,63.82,17.444712444777082,7.0,20.0,63.79224
grid_11_27,30.0495,31.3825,0.1109,شارع الميثاق,الاصدقاء,1,1,0,0,0,0,0,2.732,1202.9,12532.2,0.164,0.164,0.782,25,58.46,6.497460821912006,7.0,7.0,58.448174
grid_11_28,30.0495,31.3855,0.1109,شارع الميثاق,الحمزاوي; سمايل,2,2,0,0,0,0,0,3.089,1200.8,12510.3,0.063,0.063,0.725,31,57.18,6.369875223712252,7.0,8.0,57.147453
grid_11_29,30.0495,31.3885,0.1109,شارع الميثاق,المصطفي,1,1,0,0,0,0,0,2.7,1427.1,14868.1,0.14,0.14,0.779,42,58.4,6.747319008456828,7.0,5.0,58.432304
grid_11_30,30.0495,31.3915,0.1109,شارع الميثاق,اولاد هارون; الزهراء; الاسراء,3,3,0,0,0,0,0,1.973,1381.9,14396.7,0.048,0.048,0.924,52,52.95,5.9724626179874525,7.0,4.0,52.975327
grid_11_31,30.0495,31.3945,0.1109,شارع الميثاق,ابو علي; جابر,2,2,0,0,0,0,0,2.215,1309.8,13646.1,0.044,0.044,1.126,50,55.43,7.422977830230002,7.0,10.0,55.471375
grid_11_32,30.0495,31.3975,0.1109,شارع الشهيد العميد احمد عبد النبى بيومى,القوات المسلحة; يارا; اولاد رياض; الحيايب; الحرمين; الحسيني,8,8,0,0,0,0,0,1.943,1254.4,13068.7,0.062,0.062,1.36,48,42.89,4.435588347873246,7.0,2.0,42.88245
grid_11_33,30.0495,31.4005,0.1109,شارع الشهيد رائد وليد عصام رمضان,الهدي; مكه,2,2,0,0,0,0,0,1.833,919.1,9575.3,0.098,0.098,1.612,40,54.67,3.413553644558806,3.0,0.0,54.62069
grid_11_34,30.0495,31.4035,0.1109,شارع الشهيد رائد وليد عصام رمضان,,0,0,0,0,0,0,0,1.228,674.1,7022.9,0.173,0.173,1.874,30,57.46,2.0442336815714595,3.0,0.0,57.47815
grid_11_35,30.0495,31.4065,0.1109,Unknown,,0,0,0,0,0,0,0,0.133,348.7,3633.2,0.389,0.461,2.143,20,45.7,7.998306039532936,9.0,3.0,45.80551
grid_11_36,30.0495,31.4095,0.1109,Unknown,,0,0,0,0,0,0,0,2.259,148.9,1551.2,0.656,0.75,2.417,7,35.38,6.012822447724495,9.0,5.0,35.347828
grid_11_37,30.0495,31.4125,0.1109,Unknown,,0,0,0,0,0,0,0,1.501,116.2,1210.2,0.936,1.039,2.694,1,31.47,0.0,0.0,0.0,31.10157
grid_11_38,30.0495,31.4155,0.1109,Unknown,,0,0,0,0,0,0,0,1.321,101.5,1057.2,1.22,1.327,2.973,0,30.04,0.0,0.0,0.0,30.012974
grid_11_39,30.0495,31.4185,0.1109,Unknown,,0,0,0,0,0,0,0,1.305,121.1,1261.6,1.505,1.616,3.253,0,31.44,0.0,0.0,0.0,31.520119
grid_12_0,30.0525,31.3015,0.1109,Unknown,,0,0,0,0,0,0,0,0.149,453.8,4728.5,1.232,1.232,2.804,0,53.4,0.0,0.0,0.0,53.05873
grid_12_1,30.0525,31.3045,0.1109,شارع مجمع الفردوس,,0,0,0,0,0,0,0,0.27,641.8,6686.3,1.52,1.52,2.529,0,55.54,0.0,0.0,0.0,55.396236
grid_12_2,30.0525,31.3075,0.1109,شارع محمود المليجي,,0,0,0,0,0,0,0,0.219,682.7,7112.4,1.808,1.808,2.257,0,55.44,10.990755888748284,9.0,3.0,55.52935
grid_12_3,30.0525,31.3105,0.1109,شارع محمود المليجي,,0,0,0,0,0,0,0,0.851,656.4,6838.4,1.794,1.794,1.989,0,56.7,3.3160521932220224,7.0,2.0,56.616558
grid_12_4,30.0525,31.3135,0.1109,شارع المخيم الدائم,,0,0,0,0,0,0,0,0.445,575.4,5995.0,1.535,1.535,1.729,0,55.89,2.6891849935249934,7.0,1.0,55.916813
grid_12_5,30.0525,31.3165,0.1109,Unknown,,0,0,0,0,0,0,0,0.0,451.6,4704.7,1.282,1.29,1.479,0,52.93,0.0,0.0,0.0,52.99914
grid_12_6,30.0525,31.3195,0.1109,شارع الخليفه القاهر,,0,0,0,0,0,0,0,0.372,590.2,6149.2,1.007,1.066,1.246,0,55.74,3.6655702858641535,7.0,1.0,55.75454
grid_12_7,30.0525,31.3225,0.1109,شارع الخليفه القاهر,مجمع الملك فهد الرسمي للغات; جامعة الأزهر (فرع البنات),3,0,0,0,0,3,0,1.061,637.6,6643.0,0.742,0.877,1.042,4,60.87,2.4661030208405235,7.0,2.0,60.85595
grid_12_8,30.0525,31.3255,0.1109,شارع يوسف عباس,مول احمد السلاب; كافية الأمير,2,0,1,1,0,0,0,2.565,843.6,8789.2,0.492,0.618,0.886,5,59.38,16.43720638288334,7.0,7.0,59.34023
grid_12_9,30.0525,31.3285,0.1109,شارع علي امين,El Borg Seafood Restaurant; توتال,3,0,0,1,0,0,0,3.771,1920.7,20011.3,0.317,0.402,0.807,5,63.79,9.949023090291314,7.0,6.0,63.71635
grid_12_10,30.0525,31.3315,0.1109,شارع علي امين,مصطفى محمود,1,0,0,0,1,0,0,3.062,2073.3,21600.8,0.328,0.328,0.819,7,62.37,7.703718376622844,7.0,5.0,62.285496
grid_12_11,30.0525,31.3345,0.1109,شارع حنين بن إسحاق,مطعم حمزه,1,0,0,1,0,0,0,3.801,1743.2,18161.7,0.47,0.47,0.538,8,63.85,3.407300966098213,7.0,3.0,63.742146
grid_12_12,30.0525,31.3375,0.1109,شارع ابو العتاهيه,بنك الاستثمار العربي; CIB,2,0,0,0,0,0,2,4.319,1617.5,16851.9,0.273,0.455,0.273,6,63.64,20.616783859962947,7.0,19.0,63.582752
grid_12_13,30.0525,31.3405,0.1109,شارع مصطفي النحاس,,0,0,0,0,0,0,0,2.64,1964.4,20466.2,0.161,0.169,0.161,6,60.28,5.08553085545248,7.0,2.0,60.23216
grid_12_14,30.0525,31.3435,0.1109,شارع عبد الحكيم الرفاعي,ادارة معاهد الأزهر التعليمية,1,0,0,0,0,1,0,1.777,2290.0,23858.9,0.132,0.132,0.38,5,59.8,3.4582127893395747,1.0,0.0,59.824158
grid_12_15,30.0525,31.3465,0.1109,شارع سمير عبد الرؤوف,فكهاني,1,0,0,0,0,0,0,4.354,2301.6,23979.9,0.416,0.416,0.655,8,63.71,4.443097048500633,3.0,0.0,63.721786
grid_12_16,30.0525,31.3495,0.1109,شارع عطيه الصوالحى,,0,0,0,0,0,0,0,2.583,2478.3,25820.8,0.703,0.703,0.939,9,60.17,4.768288499714911,3.0,0.0,60.14865
grid_12_17,30.0525,31.3525,0.1109,شارع حلمي حسن علي,مدرسة مدينة نصر الثانوية الفنية التجارية بنات,1,0,0,0,0,1,0,3.244,2132.0,22213.0,0.461,0.461,1.225,7,62.74,4.474358269410897,1.0,0.0,62.735565
grid_12_18,30.0525,31.3555,0.1109,شارع دكتور حسن الشريف,,0,0,0,0,0,0,0,2.383,1751.0,18243.0,0.278,0.278,1.512,5,59.77,5.253296951000378,7.0,2.0,59.801895
grid_12_19,30.0525,31.3585,0.1109,شارع سويقه المنهل,,0,0,0,0,0,0,0,2.391,1437.0,14971.6,0.148,0.148,1.799,5,59.78,5.299916244631128,7.0,2.0,59.805187
grid_12_20,30.0525,31.3615,0.1109,شارع احمد حسن,منارة هليوبوليس المتكاملة للغات,3,0,0,0,0,3,0,3.221,1466.6,15279.7,0.249,0.249,2.087,7,65.19,4.989234879633803,3.0,0.0,65.20554
grid_12_21,30.0525,31.3645,0.1109,شارع عماد حمدى,Bayan,1,0,0,0,0,1,0,3.436,1069.4,11142.1,0.203,0.203,2.063,7,63.12,5.306132460261402,3.0,0.0,63.075363
grid_12_22,30.0525,31.3675,0.1109,شارع عماد حمدى,تبارك,2,1,0,0,0,1,0,2.256,1222.7,12738.4,0.187,0.187,1.78,3,58.76,5.411872540998313,3.0,0.0,58.8798
grid_12_23,30.0525,31.3705,0.1109,محور شينزو ابى,,0,0,0,0,0,0,0,3.815,1144.3,11921.9,0.203,0.203,1.5,6,62.63,18.74520805896553,7.0,2.0,62.552856
grid_12_24,30.0525,31.3735,0.1109,شارع الدكتور الشيمي,,1,0,0,0,0,1,0,3.57,1083.6,11290.1,0.455,0.455,1.224,8,63.39,3.720112410454933,3.0,0.0,63.46336
grid_12_25,30.0525,31.3765,0.1109,شارع عبد المتجلي,,0,0,0,0,0,0,0,3.015,1213.9,12646.8,0.166,0.166,0.955,11,61.03,2.6224007095098383,1.0,0.0,61.08056
grid_12_26,30.0525,31.3795,0.1109,شارع محمد متولي الشعراوي,مستشفي الماسة; هايبر ماركت المحلاوي,2,1,0,0,0,0,0,3.513,1542.5,16071.2,0.124,0.124,0.701,16,60.03,9.539639010370148,7.0,8.0,60.1405
grid_12_27,30.0525,31.3825,0.1109,شارع العميد ايهاب بكر,,0,0,0,0,0,0,0,2.135,1564.9,16303.8,0.211,0.253,0.489,23,59.27,3.679571849840365,1.0,0.0,59.278305
grid_12_28,30.0525,31.3855,0.1109,Unknown,,0,0,0,0,0,0,0,2.563,1543.2,16077.7,0.258,0.258,0.391,32,60.13,3.868450767829641,1.0,0.0,60.15168
grid_12_29,30.0525,31.3885,0.1109,Unknown,,0,0,0,0,0,0,0,1.961,1303.1,13576.7,0.184,0.184,0.484,41,58.92,3.3127217473494497,1.0,0.0,58.844448
grid_12_30,30.0525,31.3915,0.1109,شارع مصطفي محمود,,0,0,0,0,0,0,0,1.838,1158.3,12067.7,0.306,0.306,0.694,45,58.68,5.311459389976911,3.0,0.0,58.66397
grid_12_31,30.0525,31.3945,0.1109,شارع السويس,المصريه; صافي,2,2,0,0,0,0,0,2.049,1074.9,11199.3,0.136,0.136,0.946,47,55.1,3.205819830375651,1.0,0.0,55.164646
grid_12_32,30.0525,31.3975,0.1109,شارع الميثاق,زهراء المدينه,1,1,0,0,0,0,0,2.206,1077.7,11228.0,0.034,0.174,1.215,40,57.41,5.420564549604165,7.0,2.0,57.425117
grid_12_33,30.0525,31.4005,0.1109,شارع الميثاق,زهراء المدنيه,1,1,0,0,0,0,0,3.166,926.5,9652.7,0.041,0.041,1.491,34,59.33,8.644855664236008,7.0,5.0,59.28169
grid_12_34,30.0525,31.4035,0.1109,شارع الميثاق,محطة وطنية,1,0,1,0,0,0,0,2.828,670.5,6985.4,0.149,0.275,1.772,23,58.66,11.717996972428187,7.0,5.0,58.691193
grid_12_35,30.0525,31.4065,0.1109,كوبري الفطيم,,0,0,0,0,0,0,0,0.537,602.6,6278.1,0.366,0.562,2.054,15,56.07,4.753608934047803,7.0,2.0,56.044323
grid_12_36,30.0525,31.4095,0.1109,كوبري الفطيم,,0,0,0,0,0,0,0,1.087,145.4,1514.9,0.642,0.818,2.338,3,32.78,29.15873073739357,9.0,10.0,32.76953
grid_12_37,30.0525,31.4125,0.1109,امتداد محور السادات,,0,0,0,0,0,0,0,2.326,140.4,1462.5,0.926,1.089,2.623,1,34.89,60.8422739471072,10.0,6.0,34.97674
grid_12_38,30.0525,31.4155,0.1109,امتداد محور السادات,,0,0,0,0,0,0,0,2.926,139.2,1450.1,1.212,1.367,2.909,0,36.0,3.972837239685013,7.0,2.0,35.756863
grid_12_39,30.0525,31.4185,0.1109,امتداد محور السادات,,0,0,0,0,0,0,0,2.726,146.0,1521.1,1.5,1.649,3.196,0,36.1,3.6701954976319753,7.0,1.0,36.0856
grid_13_0,30.0555,31.3015,0.1109,شارع مجمع الفردوس,,0,0,0,0,0,0,0,1.611,796.6,8299.9,1.301,1.301,2.917,0,58.22,1.5146535076122876,1.0,0.0,58.240597
grid_13_1,30.0555,31.3045,0.1109,شارع مجمع الفردوس,,0,0,0,0,0,0,0,0.625,845.5,8809.2,1.576,1.576,2.653,0,56.25,4.434301555598416,9.0,1.0,56.25456
grid_13_2,30.0555,31.3075,0.1109,شارع مجمع الفردوس,,0,0,0,0,0,0,0,0.139,706.5,7361.0,1.856,1.856,2.395,0,55.28,4.253505618487771,9.0,3.0,55.19054
grid_13_3,30.0555,31.3105,0.1109,شارع المخيم الدائم,,0,0,0,0,0,0,0,0.408,641.3,6682.0,1.684,1.684,2.146,0,55.82,1.8612132041363965,7.0,2.0,55.76566
grid_13_4,30.0555,31.3135,0.1109,شارع المخيم الدائم,مستشفى جامعة الأزهر التخصصى,1,0,0,0,0,0,0,0.39,538.6,5611.5,1.406,1.406,1.894,0,55.78,2.297700804255424,7.0,2.0,55.822205
grid_13_5,30.0555,31.3165,0.1109,Unknown,,0,0,0,0,0,0,0,0.0,525.8,5478.1,1.132,1.132,1.623,0,55.0,0.0,0.0,0.0,55.003067
grid_13_6,30.0555,31.3195,0.1109,شارع عبد العزيز الشناوى,,0,0,0,0,0,0,0,0.548,554.7,5779.1,0.869,0.869,1.359,1,56.1,1.1056278949856335,3.0,0.0,56.04895
grid_13_7,30.0555,31.3225,0.1109,شارع عبد العزيز الشناوى,,0,0,0,0,0,0,0,0.769,535.5,5579.2,0.628,0.628,1.108,3,56.54,2.3467469509504006,3.0,0.0,56.609074
grid_13_8,30.0555,31.3255,0.1109,كوبرى التأمين الصحى,,0,0,0,0,0,0,0,3.928,1214.1,12650.1,0.448,0.448,0.88,5,62.86,7.56484978573617,5.0,0.0,62.97997
grid_13_9,30.0555,31.3285,0.1109,شارع محمد فهمي المحضر,,0,0,0,0,0,0,0,2.445,2330.0,24276.6,0.417,0.417,0.698,5,59.89,3.534284860286588,1.0,0.0,59.98619
grid_13_10,30.0555,31.3315,0.1109,شارع محمد يوسف موسى,مستشفي جمال ابو العزايم,1,0,0,0,0,0,0,2.61,2251.8,23461.3,0.56,0.56,0.607,6,60.22,3.9434508512043513,1.0,0.0,60.151176
grid_13_11,30.0555,31.3345,0.1109,شارع محمد يوسف موسى,,1,0,0,1,0,0,0,2.772,2054.8,21408.9,0.549,0.741,0.549,8,61.79,3.068527949406099,1.0,0.0,61.853485
grid_13_12,30.0555,31.3375,0.1109,شارع عباس العقاد,كالتكس,1,0,0,0,0,0,0,2.973,2008.4,20925.5,0.293,0.589,0.293,7,60.95,9.010172799856573,7.0,9.0,60.92506
grid_13_13,30.0555,31.3405,0.1109,شارع الدكتور عزت سلامه,كنتاكي,1,0,0,1,0,0,0,2.883,2264.0,23588.0,0.194,0.41,0.194,4,62.02,5.166608465848597,7.0,2.0,62.09499
grid_13_14,30.0555,31.3435,0.1109,شارع مصطفي النحاس,بيتزا هت; مطعم بيكينج; البنك الاهلي المصرى,3,0,0,2,0,0,1,3.51,2436.0,25381.1,0.395,0.396,0.395,4,64.52,6.670451377217519,7.0,5.0,64.587135
grid_13_15,30.0555,31.3465,0.1109,شارع مصطفي النحاس,بنك الكويت الوطنى; بنك باركليز; Honesta Clinic; الخباز,4,0,0,0,0,0,2,5.557,2344.8,24430.6,0.495,0.495,0.664,8,66.11,16.812858942943464,7.0,12.0,66.12473
grid_13_16,30.0555,31.3495,0.1109,شارع مصطفي النحاس,,0,0,0,0,0,0,0,3.386,2421.4,25228.2,0.604,0.604,0.945,8,61.77,4.162088488986597,7.0,1.0,61.717346
grid_13_17,30.0555,31.3525,0.1109,شارع مصطفي النحاس,د. ملك نادر,1,0,0,0,0,0,0,3.35,2149.6,22396.5,0.384,0.384,1.229,6,61.7,7.20006935706978,7.0,3.0,61.664047
grid_13_18,30.0555,31.3555,0.1109,شارع الشيخ محمد النادي,كازيون ماركت,1,1,0,0,0,0,0,4.4,1924.3,20048.8,0.113,0.113,1.516,6,61.8,6.519465324594114,7.0,4.0,61.654976
grid_13_19,30.0555,31.3585,0.1109,شارع دكتور حسن الشريف,السمسميه; مدرسة المنهل الخاصة; مركز طبي الحى الثامن; مركز طبي الحى الثامن; مدرسة المنهل الخاصة,5,0,0,1,0,2,0,4.857,1543.6,16083.1,0.211,0.211,1.802,6,68.46,21.82401953711089,7.0,22.0,68.452286
grid_13_20,30.0555,31.3615,0.1109,شارع افريقيا,صيدلية كارمن; توتال; c'est La vie,3,0,0,1,1,0,0,3.232,1435.3,14954.2,0.297,0.297,2.09,7,63.96,6.305270999224026,7.0,5.0,64.05728
grid_13_21,30.0555,31.3645,0.1109,شارع افريقيا,مدرسه حسان بن ثابت الابتدائيه; الانوار المحمديه; التوحيد و النور,3,1,0,0,0,1,0,2.836,1188.5,12383.0,0.131,0.131,2.026,6,59.92,7.940493104461561,7.0,5.0,59.93147
grid_13_22,30.0555,31.3675,0.1109,شارع حسين عبد الرحمن,,0,0,0,0,0,0,0,2.284,1235.0,12867.3,0.243,0.243,1.738,3,59.57,5.176783525842448,7.0,1.0,59.487106
grid_13_23,30.0555,31.3705,0.1109,شارع دكتور محمود صالح ابو زيد,,0,0,0,0,0,0,0,2.123,1150.0,11981.3,0.255,0.255,1.449,6,59.25,4.815681473792284,6.0,0.0,59.238953
grid_13_24,30.0555,31.3735,0.1109,محور شينزو ابى,,1,0,0,0,0,1,0,3.425,1050.8,10947.9,0.488,0.488,1.161,8,63.1,5.390508405338394,6.0,0.0,63.069946
grid_13_25,30.0555,31.3765,0.1109,شارع المهندس سمير كمال,,0,0,0,0,0,0,0,3.256,1212.5,12632.9,0.335,0.335,0.873,10,61.51,3.620462730168462,3.0,0.0,61.488297
grid_13_26,30.0555,31.3795,0.1109,شارع محمد متولي الشعراوي,Carrefour (Zahraa Medinat Masr),1,1,0,0,0,0,0,2.989,1479.2,15412.0,0.055,0.055,0.585,12,58.98,7.92608419326529,7.0,4.0,58.964863
grid_13_27,30.0555,31.3825,0.1109,شارع الشيخ فتحي دياب,Bakro; صيدلية سوسن الحديثة,2,0,1,0,1,0,0,3.805,1639.7,17083.7,0.148,0.246,0.299,13,61.86,7.016753254641858,1.0,0.0,61.86721
grid_13_28,30.0555,31.3855,0.1109,شارع الشيخ فتحي دياب,,0,0,0,0,0,0,0,3.021,1095.1,11410.3,0.058,0.322,0.058,21,61.04,4.383124022791252,1.0,0.0,61.075554
grid_13_29,30.0555,31.3885,0.1109,شارع الوحدة,الغوال,1,1,0,0,0,0,0,3.392,875.8,9125.2,0.159,0.159,0.29,25,59.78,5.730685072616721,3.0,0.0,59.792843
grid_13_30,30.0555,31.3915,0.1109,شارع جمال عبد الناصر,الرضا,1,1,0,0,0,0,0,3.964,729.8,7603.8,0.058,0.058,0.576,35,60.93,8.38551866817302,3.0,0.0,61.001812
grid_13_31,30.0555,31.3945,0.1109,شارع حسنى مبارك,,0,0,0,0,0,0,0,3.642,587.3,6118.6,0.223,0.223,0.864,33,62.28,4.602582619055814,3.0,0.0,62.3746
grid_13_32,30.0555,31.3975,0.1109,شارع الجمهوريه,,0,0,0,0,0,0,0,3.462,673.9,7020.9,0.243,0.243,1.152,30,61.92,4.972517953914521,1.0,0.0,61.842606
grid_13_33,30.0555,31.4005,0.1109,شارع الجامعه,,0,0,0,0,0,0,0,3.269,563.9,5874.7,0.371,0.371,1.44,22,61.54,4.753174746268169,1.0,0.0,61.497635
grid_13_34,30.0555,31.4035,0.1109,Unknown,,0,0,0,0,0,0,0,1.445,444.2,4628.3,0.46,0.46,1.729,15,55.29,4.475252806173173,5.0,0.0,55.205936
grid_13_35,30.0555,31.4065,0.1109,Unknown,,0,0,0,0,0,0,0,0.066,445.3,4639.3,0.582,0.672,2.017,8,52.61,0.0,0.0,0.0,52.7271
grid_13_36,30.0555,31.4095,0.1109,Unknown,,0,0,0,0,0,0,0,0.0,264.6,2756.7,0.786,0.927,2.306,3,39.3,0.0,0.0,0.0,39.117905
grid_13_37,30.0555,31.4125,0.1109,امتداد محور السادات الجانبى,,0,0,0,0,0,0,0,0.218,99.6,1037.9,1.031,1.197,2.595,0,27.7,10.241749480232416,9.0,7.0,27.634483
grid_13_38,30.0555,31.4155,0.1109,شارع 9,Zoser Princes Language School Tagamoa,1,0,0,0,0,0,0,1.093,121.6,1266.5,1.294,1.475,2.883,0,31.05,6.5205228732090585,8.0,1.0,31.158304
grid_13_39,30.0555,31.4185,0.1109,شارع 10,,0,0,0,0,0,0,0,3.254,126.1,1313.9,1.566,1.746,3.172,0,35.71,3.460349620348773,3.0,0.0,35.707264
grid_14_0,30.0585,31.3015,0.1109,امتداد شارع رمسيس,نعمة; كشري مصر; طاقا; احمد; ك فايف ستار; كشك,8,5,0,2,0,0,0,1.343,926.5,9653.9,1.445,1.445,2.962,0,50.19,14.935595700678231,10.0,18.0,50.20015
grid_14_1,30.0585,31.3045,0.1109,شارع سور معهد النقل,كشرى الدبور; الشبراوى; البان تاج الدين; احمد; المدينه; محمصات النصر,7,5,0,2,0,0,0,0.62,917.8,9563.2,1.698,1.698,2.675,0,48.74,24.011291976516983,10.0,18.0,48.725597
grid_14_2,30.0585,31.3075,0.1109,Unknown,,0,0,0,0,0,0,0,0.0,788.0,8209.9,1.901,1.901,2.388,0,55.0,0.0,0.0,0.0,54.968395
grid_14_3,30.0585,31.3105,0.1109,شارع المخيم الدائم,,0,0,0,0,0,0,0,1.389,712.6,7425.0,1.636,1.636,2.101,0,57.78,6.993210254234634,7.0,3.0,57.841667
grid_14_4,30.0585,31.3135,0.1109,Unknown,,0,0,0,0,0,0,0,0.0,654.8,6822.3,1.348,1.348,1.815,0,55.0,0.0,0.0,0.0,55.005856
grid_14_5,30.0585,31.3165,0.1109,شارع عبد العزيز الشناوى,جامعة الأزهر,1,0,0,0,0,1,0,0.775,560.3,5837.5,1.06,1.06,1.53,0,57.8,1.738627635848577,3.0,0.0,57.840237
grid_14_6,30.0585,31.3195,0.1109,شارع عبد العزيز الشناوى,,0,0,0,0,0,0,0,0.715,362.6,3777.7,0.772,0.772,1.247,1,47.87,1.2483590237631996,3.0,0.0,47.834953
grid_14_7,30.0585,31.3225,0.1109,شارع يوسف عباس,,0,0,0,0,0,0,0,0.766,401.0,4177.7,0.485,0.485,0.967,3,50.78,1.1081135039865764,5.0,0.0,50.571842
grid_14_8,30.0585,31.3255,0.1109,كوبرى التأمين الصحى,مجمع البحوث الإسلامية; مستشفى التأمين الصحى,2,0,0,0,0,1,0,3.607,1365.1,14222.9,0.204,0.204,0.695,3,63.46,15.46280709074203,5.0,0.0,63.38957
grid_14_9,30.0585,31.3285,0.1109,شارع اسماعيل القباني,Seoudi,1,1,0,0,0,0,0,2.809,2086.7,21742.0,0.121,0.121,0.443,5,58.62,4.536722541325605,3.0,0.0,58.69446
grid_14_10,30.0585,31.3315,0.1109,شارع اسماعيل القباني,,0,0,0,0,0,0,0,2.785,2257.4,23520.0,0.277,0.393,0.277,9,60.57,5.0392306189575535,3.0,0.0,60.61369
grid_14_11,30.0585,31.3345,0.1109,شارع محمد صقر خفاجة,مدينة نصر الثانوية الصناعية; سانت فاتيما,2,0,0,0,0,2,0,2.225,2410.1,25111.9,0.352,0.679,0.352,6,61.95,3.4453809294159554,1.0,0.0,61.93647
grid_14_12,30.0585,31.3375,0.1109,شارع عباس العقاد,spectra; COMMERCIAL INTERNATIONAL BANK; بنك عودة - فرع عباس العقاد; مطعم بحه,4,0,0,2,0,0,2,4.162,2479.6,25835.9,0.566,0.817,0.566,10,65.82,4.340292493078065,7.0,6.0,65.83585
grid_14_13,30.0585,31.3405,0.1109,شارع قورش,,0,0,0,0,0,0,0,2.603,2297.6,23939.0,0.521,0.537,0.521,7,60.21,3.3891228286358195,1.0,0.0,60.15169
grid_14_14,30.0585,31.3435,0.1109,شارع كابول,Kibeida Academy; بيتزا المختار,2,0,0,1,0,1,0,2.826,2071.9,21587.5,0.274,0.274,0.625,8,63.15,3.7603368799343007,1.0,0.0,63.075264
grid_14_15,30.0585,31.3465,0.1109,شارع مكرم عبيد,أسواق العائلة الجديد; سلامة,2,1,0,0,0,0,0,3.601,1964.0,20463.9,0.17,0.17,0.822,8,60.2,2.823479657467539,3.0,0.0,60.230194
grid_14_16,30.0585,31.3495,0.1109,شارع عبد الله بن الطاهر,,0,0,0,0,0,0,0,2.566,1946.7,20283.6,0.386,0.386,1.062,9,60.13,3.834194485802027,1.0,0.0,60.074757
grid_14_17,30.0585,31.3525,0.1109,شارع عبد الله بن الطاهر,,1,0,0,0,0,1,0,2.315,2116.4,22051.4,0.553,0.553,1.321,8,60.88,3.104487917356677,1.0,0.0,60.825882
grid_14_18,30.0585,31.3555,0.1109,شارع محمد المقريف,أمير الشعراء,1,0,0,0,0,1,0,3.241,1872.2,19507.1,0.413,0.413,1.591,9,62.73,3.6135515932690767,1.0,0.0,62.739403
grid_14_19,30.0585,31.3585,0.1109,شارع حسن مأمون,دهب,1,0,0,1,0,0,0,3.497,1476.2,15380.8,0.45,0.45,1.866,6,63.24,10.822959637973613,7.0,6.0,63.315678
grid_14_20,30.0585,31.3615,0.1109,شارع اطلس,ايجيكير,1,0,0,0,0,0,0,3.564,1258.3,13110.3,0.551,0.551,2.145,7,62.13,6.694550353464844,5.0,0.0,62.20416
grid_14_21,30.0585,31.3645,0.1109,شارع الشيخ حازم صلاح,كافيتريا راهندا; مدرسة القاهرة الدولية,2,0,0,1,0,1,0,3.24,806.0,8397.5,0.465,0.465,2.044,7,63.98,4.954942392311855,3.0,0.0,64.072235
grid_14_22,30.0585,31.3675,0.1109,شارع افريقيا,مدرسة الراية,1,0,0,0,0,1,0,2.427,698.2,7274.7,0.543,0.543,1.759,3,61.1,5.958286770374316,7.0,2.0,61.097305
grid_14_23,30.0585,31.3705,0.1109,شارع السوق التجاري,,0,0,0,0,0,0,0,2.893,830.6,8654.7,0.559,0.559,1.474,8,60.79,6.399480508542878,7.0,7.0,60.81569
grid_14_24,30.0585,31.3735,0.1109,شارع افريقيا,,0,0,0,0,0,0,0,4.25,1153.6,12020.1,0.647,0.647,1.192,9,63.5,7.8999513807664865,7.0,5.0,63.657703
grid_14_25,30.0585,31.3765,0.1109,محور شينزو ابى,,0,0,0,0,0,0,0,4.869,1422.4,14820.7,0.494,0.494,0.913,9,64.74,17.430029056380445,7.0,5.0,64.815445
grid_14_26,30.0585,31.3795,0.1109,شارع محمد متولي الشعراوي,,0,0,0,0,0,0,0,3.924,1554.9,16201.0,0.368,0.368,0.644,11,62.85,6.26220536132427,7.0,5.0,62.91489
grid_14_27,30.0585,31.3825,0.1109,شارع ضياء الحق,,0,0,0,0,0,0,0,5.199,1447.7,15084.2,0.403,0.439,0.403,15,65.4,9.386081636173108,1.0,0.0,65.44783
grid_14_28,30.0585,31.3855,0.1109,شارع محمود عمار,,0,0,0,0,0,0,0,4.945,918.5,9570.1,0.208,0.208,0.276,13,64.89,10.563199598302417,3.0,0.0,64.853195
grid_14_29,30.0585,31.3885,0.1109,شارع حسنى مبارك,,0,0,0,0,0,0,0,2.756,529.6,5518.4,0.122,0.122,0.396,10,60.51,5.6728188011968665,3.0,0.0,60.46992
grid_14_30,30.0585,31.3915,0.1109,شارع نبيل الحداد,Kayan Market; Nile Pharmacy,2,1,0,0,1,0,0,3.413,424.8,4426.2,0.094,0.094,0.636,10,57.06,0.0694443929473791,1.0,0.0,56.98853
grid_14_31,30.0585,31.3945,0.1109,Unknown,,0,0,0,0,0,0,0,3.771,342.5,3569.1,0.304,0.304,0.905,14,52.53,0.0,0.0,0.0,52.426258
grid_14_32,30.0585,31.3975,0.1109,شارع الحريه,,0,0,0,0,0,0,0,3.281,386.5,4027.1,0.54,0.54,1.183,13,54.75,0.1482681097807039,1.0,0.0,54.847813
grid_14_33,30.0585,31.4005,0.1109,شارع عمران,,0,0,0,0,0,0,0,3.551,334.2,3482.1,0.684,0.684,1.465,11,51.48,1.4844113036943625,1.0,0.0,51.464745
grid_14_34,30.0585,31.4035,0.1109,شارع تاج سلطان,,0,0,0,0,0,0,0,3.454,280.7,2925.0,0.755,0.755,1.75,5,47.38,4.0038603355826,5.0,0.0,47.174927
grid_14_35,30.0585,31.4065,0.1109,شارع تاج سلطان,,0,0,0,0,0,0,0,1.779,279.6,2912.9,0.875,0.9,2.035,2,43.95,1.9179322425133687,5.0,0.0,43.93916
grid_14_36,30.0585,31.4095,0.1109,شارع تاج سلطان,,0,0,0,0,0,0,0,1.771,336.4,3505.0,1.022,1.104,2.322,0,48.08,6.613324489319045,5.0,0.0,48.312443
grid_14_37,30.0585,31.4125,0.1109,شارع تاج سلطان,,0,0,0,0,0,0,0,1.316,238.9,2489.1,1.221,1.339,2.609,0,40.06,2.932756367287701,5.0,0.0,39.991524
grid_14_38,30.0585,31.4155,0.1109,شارع تاج سلطان,,0,0,0,0,0,0,0,0.923,82.1,855.2,1.45,1.591,2.896,0,27.83,11.226303163826817,9.0,2.0,27.962502
grid_14_39,30.0585,31.4185,0.1109,شارع 9,منارة الفاروق الإسلامية لغات (MFIS),1,0,0,0,0,0,0,2.636,92.6,964.5,1.697,1.855,3.183,0,32.02,4.2437401528832295,3.0,0.0,31.976969
grid_15_0,30.0615,31.3015,0.1109,امتداد شارع رمسيس,ابو عرفات,1,1,0,0,0,0,0,2.541,1027.1,10702.2,1.494,1.494,2.95,0,58.08,17.717927196041078,10.0,9.0,58.19075
grid_15_1,30.0615,31.3045,0.1109,شارع اللواء عبد الشافى ابراهيم,النور; جمعيتى; قشقوش,3,3,0,0,0,0,0,2.069,1019.9,10627.0,1.512,1.512,2.662,0,53.14,8.128859854827832,9.0,1.0,53.25975
grid_15_2,30.0615,31.3075,0.1109,شارع اسماعيل الفنجري,,0,0,0,0,0,0,0,2.706,888.6,9258.5,1.583,1.583,2.373,0,60.41,13.29998089044904,9.0,8.0,60.35789
grid_15_3,30.0615,31.3105,0.1109,شارع المخيم الدائم,,0,0,0,0,0,0,0,0.115,749.3,7807.5,1.493,1.656,2.085,0,55.23,16.86466149562609,9.0,5.0,55.258793
grid_15_4,30.0615,31.3135,0.1109,شارع عبد العزيز الشناوى,Faculty of Islamic Sciences for Non-Arabic Speaking International Students,1,0,0,0,0,1,0,0.435,636.2,6628.5,1.371,1.371,1.796,0,57.12,0.7312264436406076,3.0,0.0,57.080692
grid_15_5,30.0615,31.3165,0.1109,شارع عبد العزيز الشناوى,,0,0,0,0,0,0,0,0.907,588.2,6128.6,1.089,1.089,1.508,0,56.81,1.3435686756227714,3.0,0.0,56.830853
grid_15_6,30.0615,31.3195,0.1109,Unknown,,0,0,0,0,0,0,0,1.254,337.6,3517.4,0.812,0.812,1.219,2,47.13,0.0,0.0,0.0,47.125175
grid_15_7,30.0615,31.3225,0.1109,شارع يوسف عباس,,0,0,0,0,0,0,0,2.496,417.4,4349.0,0.547,0.547,0.931,5,55.43,6.5748975453962535,5.0,0.0,55.59389
grid_15_8,30.0615,31.3255,0.1109,شارع الطيران,أن أس جي بي; كي أف سي,2,0,0,1,0,0,1,4.146,1696.1,17672.9,0.324,0.324,0.643,8,64.54,6.301293530644908,5.0,0.0,64.61966
grid_15_9,30.0615,31.3285,0.1109,شارع احمد حسني,المعهد الابتدائي النموذجي الأزهري,3,0,0,0,0,2,0,1.988,2307.3,24040.6,0.28,0.28,0.357,8,61.48,3.435667107626438,1.0,0.0,61.427982
grid_15_10,30.0615,31.3315,0.1109,شارع البطراوي,الزهراء,1,0,0,0,0,0,0,2.661,2443.4,25459.5,0.089,0.467,0.089,8,60.32,5.603191546980624,3.0,0.0,60.321617
grid_15_11,30.0615,31.3345,0.1109,شارع البطراوي,,0,0,0,0,0,0,0,3.166,2494.5,25991.5,0.235,0.582,0.235,11,61.33,5.453018641370004,3.0,0.0,61.23411
grid_15_12,30.0615,31.3375,0.1109,شارع عباس العقاد,Bon shaheen mdint masr; قهوة الكوخ; أبو العز السورى,3,0,0,3,0,0,0,5.324,2393.9,24943.7,0.519,0.686,0.519,11,69.4,11.647133755107731,7.0,7.0,69.53895
grid_15_13,30.0615,31.3405,0.1109,شارع فريق اول علي عامر,سي أي بي; Crédit Agricole; منارة بويز,3,0,0,0,0,1,2,3.396,1984.4,20677.1,0.543,0.543,0.806,11,63.04,4.031383052074385,3.0,0.0,63.16106
grid_15_14,30.0615,31.3435,0.1109,شارع فريق اول علي عامر,Crédit Agricole; أي بي سي,2,0,0,0,0,0,2,3.386,1669.5,17395.0,0.286,0.286,0.92,7,61.77,4.674957864929219,3.0,0.0,61.725155
grid_15_15,30.0615,31.3465,0.1109,شارع مكرم عبيد,أفريقيا; أبو شقراء; دوبل ديز بيتزا - فرع مدينة نصر; Streeks; Fizze; Cavallo,20,0,0,16,1,0,0,2.174,1521.8,15856.3,0.188,0.188,1.064,7,80.6,6.373440056847736,3.0,0.0,80.55526
grid_15_16,30.0615,31.3495,0.1109,شارع ابو داوود الظاهري,Viola; TAIYAKI; Crazy Shake ‘n Cake; جلال كافية; العربي الأفريقي; Casa di Gelato,13,0,0,11,0,0,1,3.023,1699.8,17711.4,0.395,0.395,1.258,9,74.8,2.691071522180582,3.0,0.0,74.79897
grid_15_17,30.0615,31.3525,0.1109,شارع ابو داوود الظاهري,Hsbc bank,2,0,0,0,0,1,1,3.777,2017.0,21016.4,0.421,0.421,1.484,7,63.8,4.12058413856816,3.0,0.0,63.73875
grid_15_18,30.0615,31.3555,0.1109,شارع محمد كامل الحاروني,العثيم مدينه نصر,1,1,0,0,0,0,0,2.725,1761.2,18350.8,0.159,0.159,1.728,8,58.45,3.8756884393972784,3.0,0.0,58.45488
grid_15_19,30.0615,31.3585,0.1109,شارع حسن مأمون,,0,0,0,0,0,0,0,4.423,1389.0,14473.2,0.2,0.2,1.985,8,63.85,9.193834673928148,7.0,6.0,63.812637
grid_15_20,30.0615,31.3615,0.1109,شارع الشهيد محمد مصطفى كاريكا,صيدلية رشدى; مقهى; ليالي زمان; محل فرحات للحمام,5,0,0,1,1,0,0,2.887,1014.6,10571.6,0.47,0.47,2.249,6,63.27,8.016391196062044,5.0,0.0,63.212963
grid_15_21,30.0615,31.3645,0.1109,إمتداد شارع ابو داوود الظاهري,,0,0,0,0,0,0,0,1.77,599.2,6243.5,0.754,0.754,2.115,3,58.54,1.811418482862826,3.0,0.0,58.455807
grid_15_22,30.0615,31.3675,0.1109,Unknown,,0,0,0,0,0,0,0,0.022,522.2,5440.7,0.846,0.846,1.841,4,55.04,0.0,0.0,0.0,55.008976
grid_15_23,30.0615,31.3705,0.1109,Unknown,,0,0,0,0,0,0,0,0.392,573.6,5976.2,0.661,0.661,1.571,5,55.78,1.7947524167697084,3.0,0.0,55.818283
grid_15_24,30.0615,31.3735,0.1109,شارع التوفيقيه,,0,0,0,0,0,0,0,2.287,922.5,9611.6,0.4,0.4,1.31,6,59.57,4.391033445525284,3.0,0.0,59.625
grid_15_25,30.0615,31.3765,0.1109,شارع التوفيقيه,,0,0,0,0,0,0,0,3.339,1314.8,13699.7,0.226,0.226,1.063,7,61.68,4.412042581783497,3.0,0.0,61.65868
grid_15_26,30.0615,31.3795,0.1109,محور شينزو ابى,,0,0,0,0,0,0,0,4.197,1526.2,15902.1,0.329,0.329,0.843,12,63.39,5.202718159680307,3.0,0.0,63.511898
grid_15_27,30.0615,31.3825,0.1109,شارع محمود عمار,,0,0,0,0,0,0,0,4.507,1419.6,14792.2,0.576,0.576,0.676,8,64.01,9.684169788848296,3.0,0.0,63.927513
grid_15_28,30.0615,31.3855,0.1109,شارع عثمان بن عفان,,0,0,0,0,0,0,0,4.818,845.7,8811.7,0.453,0.453,0.609,9,64.64,8.795890944343126,3.0,0.0,64.509445
grid_15_29,30.0615,31.3885,0.1109,شارع جمعيه المعز,,0,0,0,0,0,0,0,3.772,459.5,4787.3,0.375,0.375,0.672,6,61.06,2.9914944933318712,1.0,0.0,61.0748
grid_15_30,30.0615,31.3915,0.1109,Unknown,,0,0,0,0,0,0,0,4.13,359.3,3743.9,0.24,0.24,0.836,6,54.47,0.0,0.0,0.0,54.403664
grid_15_31,30.0615,31.3945,0.1109,Unknown,,0,0,0,0,0,0,0,3.546,320.9,3343.2,0.376,0.376,1.055,6,50.49,0.0,0.0,0.0,50.564514
grid_15_32,30.0615,31.3975,0.1109,Unknown,,0,0,0,0,0,0,0,3.911,300.1,3127.1,0.626,0.626,1.302,5,49.71,0.0,0.0,0.0,49.88748
grid_15_33,30.0615,31.4005,0.1109,شارع عمران,,0,0,0,0,0,0,0,3.86,243.1,2533.5,0.899,0.899,1.563,2,45.45,0.0,0.0,0.0,45.733494
grid_15_34,30.0615,31.4035,0.1109,Unknown,,0,0,0,0,0,0,0,3.077,219.1,2282.7,1.073,1.073,1.832,0,42.13,4.734877872766735,5.0,0.0,42.102764
grid_15_35,30.0615,31.4065,0.1109,Unknown,,0,0,0,0,0,0,0,1.382,208.5,2172.6,1.18,1.18,2.107,0,37.97,0.0,0.0,0.0,37.928326
grid_15_36,30.0615,31.4095,0.1109,Unknown,,0,0,0,0,0,0,0,2.058,268.1,2793.4,1.302,1.341,2.384,0,43.67,0.898553048389773,3.0,0.0,43.922897
grid_15_37,30.0615,31.4125,0.1109,Unknown,,0,0,0,0,0,0,0,2.052,373.5,3891.6,1.463,1.541,2.665,0,51.35,6.324149891297172,3.0,0.0,51.254997
grid_15_38,30.0615,31.4155,0.1109,Unknown,,0,0,0,0,0,0,0,0.99,160.2,1669.3,1.659,1.765,2.946,0,33.67,0.5261400362163182,1.0,0.0,33.794975
grid_15_39,30.0615,31.4185,0.1109,Unknown,,0,0,0,0,0,0,0,1.522,90.3,940.9,1.879,2.005,3.229,0,29.63,12.405026786591668,9.0,6.0,29.67181
grid_16_0,30.0645,31.3015,0.1109,شارع ممدوح سالم,زمزم; الرضا; بنده,3,3,0,0,0,0,0,2.434,1121.8,11689.0,1.16,1.16,2.976,0,53.87,4.991648322798862,5.0,0.0,53.888023
grid_16_1,30.0645,31.3045,0.1109,كوبري الفنجري,,0,0,0,0,0,0,0,3.324,1031.6,10748.7,1.184,1.184,2.69,0,61.65,10.135224831946978,5.0,0.0,61.590824
grid_16_2,30.0645,31.3075,0.1109,كوبري الفنجري,,0,0,0,0,0,0,0,2.049,915.2,9536.5,1.274,1.274,2.405,0,59.1,4.937011044871776,5.0,0.0,59.04304
grid_16_3,30.0645,31.3105,0.1109,Unknown,,0,0,0,0,0,0,0,0.0,648.1,6753.1,1.215,1.418,2.121,0,55.0,0.0,0.0,0.0,55.006905
grid_16_4,30.0645,31.3135,0.1109,شارع عبد العزيز الشناوى,,0,0,0,0,0,0,0,0.343,689.9,7188.3,1.063,1.391,1.838,0,55.69,2.7910124047173213,9.0,2.0,55.607716
grid_16_5,30.0645,31.3165,0.1109,Unknown,,0,0,0,0,0,0,0,0.0,541.1,5637.8,0.976,1.104,1.558,1,55.0,13.107793127585095,9.0,2.0,55.009243
grid_16_6,30.0645,31.3195,0.1109,كوبرى يوسف عباس,مستشفى دار الفؤاد,1,0,0,0,0,0,0,0.899,458.3,4775.6,0.818,0.818,1.281,3,55.23,1.1495027083886833,3.0,0.0,55.3584
grid_16_7,30.0645,31.3225,0.1109,شارع يوسف عباس,صيدلية فاتن; صيدلية الشابوري; مدرسة المستقبل الرسمية المتميزة للغات,3,0,0,0,2,1,0,3.378,1535.7,16001.4,0.535,0.535,1.01,4,65.51,4.616904458142382,5.0,0.0,65.48733
grid_16_8,30.0645,31.3255,0.1109,شارع الطيران,,0,0,0,0,0,0,0,3.375,2154.0,22444.1,0.263,0.263,0.753,8,61.75,6.404805586125629,5.0,0.0,61.720177
grid_16_9,30.0645,31.3285,0.1109,شارع ذكى حسن,سوبر ماركت البستان,1,1,0,0,0,0,0,2.207,2602.7,27120.0,0.14,0.14,0.53,8,57.41,3.9421442907387343,1.0,0.0,57.483513
grid_16_10,30.0645,31.3315,0.1109,شارع تحسين فرغلي,مدرسة عباس العقاد التجريبية للغات; شركة تطبيق حكيمة لخدمات التمريض المنزلي,2,0,0,0,0,1,0,2.169,2736.9,28518.7,0.27,0.27,0.402,8,60.59,3.27585573387631,1.0,0.0,60.621933
grid_16_11,30.0645,31.3345,0.1109,شارع محمد مصطفى حمام,أبو أحمد,4,1,0,2,0,0,0,2.965,2585.4,26939.1,0.256,0.256,0.457,11,61.43,3.69611114287066,1.0,0.0,61.340004
grid_16_12,30.0645,31.3375,0.1109,شارع محمد حسين هيكل,لا بيجت; مستشفي دار الحكمة,2,0,0,0,0,0,0,4.035,2277.9,23735.3,0.446,0.446,0.65,12,63.07,7.369889931403507,7.0,8.0,63.06492
grid_16_13,30.0645,31.3405,0.1109,شارع محمد توفيق دياب,مار جرجس,2,0,0,0,0,1,0,3.387,1905.9,19858.9,0.296,0.307,0.896,12,63.02,3.777008327934213,1.0,0.0,62.930416
grid_16_14,30.0645,31.3435,0.1109,شارع مكرم عبيد,دواء; أن أس جي بي; صيدلية دكتور مكرم; الصواف; الأنوار المحمدية; Total,9,2,0,0,2,0,1,3.191,1713.3,17852.5,0.156,0.156,1.162,11,59.88,4.718392130818027,3.0,0.0,59.866
grid_16_15,30.0645,31.3465,0.1109,شارع عبد الرزاق السنهوري,مركز الإيمان الطبي; منظمه الصحه العالمية; مستشفى العاملين بقطاع البترول; مستشفى الكبد د يس عبد الغفار الخيرية; الجامعة العربية المفتوحة; مستشفى العاملين بقطاع البترول,8,0,0,0,0,1,0,3.804,1503.9,15670.0,0.32,0.32,1.269,8,63.86,6.320966910443655,3.0,0.0,63.8673
grid_16_16,30.0645,31.3495,0.1109,شارع ابراهيم نوار,ABA Supermarket; ورد الشام; ورد الشام; ليالي زمان; مزارع دينا; سكند كب,8,1,0,7,0,0,0,3.49,1568.9,16347.4,0.141,0.141,1.418,8,68.73,5.142270318108267,3.0,0.0,68.70696
grid_16_17,30.0645,31.3525,0.1109,شارع عمر عطيه,,0,0,0,0,0,0,0,3.075,1790.7,18658.5,0.322,0.322,1.606,6,61.15,3.3756190078268404,1.0,0.0,61.085876
grid_16_18,30.0645,31.3555,0.1109,شارع محمد المقريف,,0,0,0,0,0,0,0,2.312,1737.9,18108.5,0.257,0.257,1.821,3,59.62,3.776588526075058,1.0,0.0,59.66024
grid_16_19,30.0645,31.3585,0.1109,شارع حسن مأمون,,0,0,0,0,0,0,0,3.122,1348.3,14049.6,0.284,0.284,2.054,3,61.24,9.301747633051509,7.0,10.0,61.23524
grid_16_20,30.0645,31.3615,0.1109,شارع المهندس محمود عبد المنعم,,0,0,0,0,0,0,0,3.288,1010.8,10532.6,0.512,0.512,2.3,1,61.58,7.386820905989589,5.0,0.0,61.590057
grid_16_21,30.0645,31.3645,0.1109,شارع المهندس محمود عبد المنعم,,0,0,0,0,0,0,0,1.884,740.7,7717.6,0.781,0.781,2.234,1,58.77,5.474478201574622,3.0,0.0,58.708748
grid_16_22,30.0645,31.3675,0.1109,شارع المهندس محمود عبد المنعم,,0,0,0,0,0,0,0,0.73,546.1,5689.8,0.832,0.832,1.976,3,56.46,1.7612612521869755,3.0,0.0,56.445515
grid_16_23,30.0645,31.3705,0.1109,Unknown,,0,0,0,0,0,0,0,0.085,487.7,5082.1,0.547,0.547,1.728,4,55.17,4.195503328025426,3.0,0.0,55.25612
grid_16_24,30.0645,31.3735,0.1109,حارة الامين,,0,0,0,0,0,0,0,0.613,657.7,6852.7,0.269,0.269,1.494,5,56.23,0.3184671107947197,3.0,0.0,56.262455
grid_16_25,30.0645,31.3765,0.1109,شارع التوفيقيه,شامبيونز ٢ - سيبر للبلاي ستيشن; الحسيني; الاخلاص,3,2,0,0,0,0,0,4.495,1037.4,10809.2,0.11,0.11,1.283,5,59.99,7.694411935873879,3.0,0.0,60.017406
grid_16_26,30.0645,31.3795,0.1109,محور شينزو ابى,,0,0,0,0,0,0,0,5.919,1383.0,14410.6,0.268,0.268,1.108,5,66.84,8.499073851490087,3.0,0.0,66.821266
grid_16_27,30.0645,31.3825,0.1109,محور شينزو ابى,,0,0,0,0,0,0,0,5.775,1123.6,11707.6,0.315,0.315,0.987,7,66.55,42.03129326276734,7.0,2.0,66.65822
grid_16_28,30.0645,31.3855,0.1109,شارع السيدة عائشة,,0,0,0,0,0,0,0,5.123,723.4,7537.7,0.527,0.527,0.943,6,65.25,9.622384460541722,1.0,0.0,65.21604
grid_16_29,30.0645,31.3885,0.1109,شارع الحدود,,0,0,0,0,0,0,0,3.923,440.5,4589.6,0.642,0.642,0.985,4,59.97,3.6824186261526255,1.0,0.0,59.92764
grid_16_30,30.0645,31.3915,0.1109,Unknown,,0,0,0,0,0,0,0,3.688,333.1,3470.5,0.573,0.573,1.103,3,51.67,0.0,0.0,0.0,51.765728
grid_16_31,30.0645,31.3945,0.1109,Unknown,,0,0,0,0,0,0,0,4.191,282.1,2939.9,0.642,0.642,1.277,1,48.96,0.0,0.0,0.0,48.820805
grid_16_32,30.0645,31.3975,0.1109,Unknown,,0,0,0,0,0,0,0,4.303,218.3,2274.5,0.814,0.814,1.487,1,44.53,0.0,0.0,0.0,44.401592
grid_16_33,30.0645,31.4005,0.1109,Unknown,,0,0,0,0,0,0,0,3.331,195.2,2034.1,1.039,1.039,1.721,0,40.9,0.0,0.0,0.0,40.89184
grid_16_34,30.0645,31.4035,0.1109,Unknown,,0,0,0,0,0,0,0,1.811,173.8,1810.7,1.29,1.29,1.968,0,36.3,4.696810591727249,5.0,0.0,36.304775
grid_16_35,30.0645,31.4065,0.1109,Unknown,,0,0,0,0,0,0,0,2.213,181.1,1887.3,1.482,1.482,2.226,0,37.64,0.0,0.0,0.0,37.271713
grid_16_36,30.0645,31.4095,0.1109,Unknown,,0,0,0,0,0,0,0,1.381,207.2,2159.0,1.602,1.613,2.491,0,37.88,0.0,0.0,0.0,37.92156
grid_16_37,30.0645,31.4125,0.1109,Unknown,,0,0,0,0,0,0,0,2.137,304.6,3174.1,1.736,1.782,2.76,0,46.49,3.8830143818362495,3.0,0.0,46.504177
grid_16_38,30.0645,31.4155,0.1109,Unknown,,0,0,0,0,0,0,0,1.653,366.5,3818.6,1.904,1.979,3.033,0,50.04,3.910818774520801,3.0,0.0,49.99963
grid_16_39,30.0645,31.4185,0.1109,Unknown,,0,0,0,0,0,0,0,0.5,115.4,1202.6,2.098,2.197,3.309,0,29.42,0.5724318012780434,1.0,0.0,29.329992
grid_17_0,30.0675,31.3015,0.1109,Unknown,,0,0,0,0,0,0,0,0.0,1107.5,11540.3,0.827,0.827,3.039,1,55.0,0.0,0.0,0.0,55.012184
grid_17_1,30.0675,31.3045,0.1109,شارع اسماعيل الفنجري,,0,0,0,0,0,0,0,2.684,934.6,9738.8,0.86,0.86,2.759,1,60.37,10.256291899223768,5.0,0.0,60.370186
grid_17_2,30.0675,31.3075,0.1109,Unknown,,0,0,0,0,0,0,0,0.0,875.1,9119.0,0.98,0.98,2.482,1,55.0,0.0,0.0,0.0,55.006527
grid_17_3,30.0675,31.3105,0.1109,Unknown,,0,0,0,0,0,0,0,0.0,626.1,6523.6,0.972,1.161,2.208,1,55.0,0.0,0.0,0.0,55.004726
grid_17_4,30.0675,31.3135,0.1109,Unknown,,0,0,0,0,0,0,0,0.0,620.6,6466.8,0.775,1.379,1.938,1,55.0,0.0,0.0,0.0,55.005856
grid_17_5,30.0675,31.3165,0.1109,Unknown,,0,0,0,0,0,0,0,0.0,666.0,6940.1,0.649,1.116,1.674,1,55.0,0.0,0.0,0.0,55.003677
grid_17_6,30.0675,31.3195,0.1109,شارع يوسف عباس,محطة بنزين موبيل - طريق النصر,1,0,0,0,0,0,0,2.206,1025.1,10681.5,0.64,0.834,1.42,4,59.41,13.530838280099742,9.0,9.0,59.456223
grid_17_7,30.0675,31.3225,0.1109,شارع ابن حوقل,مدرسة عبد العزيز جاويش الابتدائية المشتركة; سوق رابعة العدوية,2,0,0,0,0,1,0,1.32,2402.6,25035.7,0.559,0.559,1.182,5,58.89,8.342403909806077,9.0,4.0,58.880157
grid_17_8,30.0675,31.3255,0.1109,كوبرى الشهيد هشام بركات,مستشفى مدينة نصر التخصصى,1,0,0,0,0,0,0,2.499,2970.2,30950.3,0.31,0.31,0.971,9,60.0,13.67245396250768,9.0,10.0,59.981396
grid_17_9,30.0675,31.3285,0.1109,شارع الدكتور انور المفتي,كارفور ماركت; طيبة مول,2,1,0,0,0,0,0,0.873,2822.0,29405.4,0.129,0.129,0.811,8,54.75,10.288666674655062,9.0,2.0,54.624657
grid_17_10,30.0675,31.3315,0.1109,شارع الدكتور انور المفتي,دجاج كنتاكي; البيت السورى,3,1,0,1,0,0,0,1.4,2841.9,29613.1,0.16,0.16,0.734,9,57.05,4.431147391961339,9.0,2.0,57.05683
grid_17_11,30.0675,31.3345,0.1109,شارع الدكتور انور المفتي,منا عادلي; نور; مستشفى تبارك للولادة والأطفال; مصر للبترول,4,1,0,0,1,0,0,1.909,2490.2,25948.8,0.126,0.126,0.765,13,58.07,6.756753368445757,9.0,5.0,58.04386
grid_17_12,30.0675,31.3375,0.1109,شارع عباس العقاد,تيكا; دجاج كنتاكي; Pizza Hut; Tom & Basel; بنك قطر الوطني الأهلي; البنك الأهلى المصرى,7,0,0,5,0,0,2,2.708,2111.2,21998.7,0.385,0.385,0.867,21,66.67,26.32630635292734,9.0,19.0,66.69207
grid_17_13,30.0675,31.3405,0.1109,شارع حافظ رمضان,tigo coffee shop; منارة للبنات,2,0,0,1,0,1,0,2.902,2037.1,21226.7,0.299,0.299,0.809,20,63.3,4.527281369161486,9.0,3.0,63.21878
grid_17_14,30.0675,31.3435,0.1109,شارع حافظ رمضان,بينوس كافيه; الأنوار المحمدية; صيدلية ساندي; دجاج كنتاكي; Hardee's; Pizza Hut,12,0,0,7,1,0,1,3.44,1574.1,16402.6,0.181,0.181,0.85,18,71.88,4.304961472537952,3.0,0.0,71.84026
grid_17_15,30.0675,31.3465,0.1109,شارع حافظ رمضان,راسب بري,1,0,0,1,0,0,0,2.666,1496.8,15597.1,0.346,0.346,0.979,15,61.58,3.5813943874824434,1.0,0.0,61.716053
grid_17_16,30.0675,31.3495,0.1109,شارع حافظ رمضان,حسبو الدولي,1,0,0,0,0,0,0,3.711,1489.4,15519.8,0.193,0.193,1.167,15,62.42,5.080824546584053,3.0,0.0,62.528725
grid_17_17,30.0675,31.3525,0.1109,شارع عبد اللطيف حمزة,بارتيدو; علاجة; المعهد العالي للخدمة الاجتماعيه,3,0,0,2,0,1,0,3.17,1658.5,17281.5,0.348,0.348,1.389,6,65.09,2.624121121043294,1.0,0.0,64.96201
grid_17_18,30.0675,31.3555,0.1109,شارع محمد المقريف,KFC; Costa Cafe,2,0,0,2,0,0,0,2.795,1512.5,15760.8,0.574,0.574,1.633,3,63.09,6.149813512866146,7.0,2.0,63.087776
grid_17_19,30.0675,31.3585,0.1109,شارع المدرسه الفنيه,Advanced Technical School,1,0,0,0,0,1,0,2.085,1489.2,15517.8,0.586,0.586,1.889,3,60.42,6.428812195685798,7.0,3.0,60.38273
grid_17_20,30.0675,31.3615,0.1109,شارع الشهيد محمد مصطفى كاريكا,,0,0,0,0,0,0,0,2.762,1313.9,13691.2,0.725,0.725,2.153,1,60.52,4.52746570350998,5.0,0.0,60.576958
grid_17_21,30.0675,31.3645,0.1109,شارع مساكن الشروق,,0,0,0,0,0,0,0,3.005,1035.6,10791.3,0.934,0.934,2.394,2,61.01,2.742533946755657,3.0,0.0,61.040524
grid_17_22,30.0675,31.3675,0.1109,شارع ابو بكر الصديق,,0,0,0,0,0,0,0,2.283,768.7,8010.1,0.715,0.715,2.155,3,59.57,6.342118803811896,3.0,0.0,59.558556
grid_17_23,30.0675,31.3705,0.1109,Unknown,,0,0,0,0,0,0,0,0.821,659.6,6873.3,0.445,0.445,1.93,5,56.64,2.1009046206897497,3.0,0.0,56.64532
grid_17_24,30.0675,31.3735,0.1109,شارع ابو بكر الصديق,,0,0,0,0,0,0,0,2.231,687.0,7158.8,0.227,0.227,1.724,5,59.46,3.39746815993212,3.0,0.0,59.458286
grid_17_25,30.0675,31.3765,0.1109,شارع الزهور,,0,0,0,0,0,0,0,4.722,829.6,8645.0,0.235,0.235,1.545,5,64.44,7.744862700059148,1.0,0.0,64.44164
grid_17_26,30.0675,31.3795,0.1109,شارع محمود عمار,الطيب عبدالرحمن فرغل,1,1,0,0,0,0,0,4.601,973.6,10145.0,0.14,0.14,1.403,5,62.2,9.327343525132472,3.0,0.0,62.219303
grid_17_27,30.0675,31.3825,0.1109,شارع خالد بن الوليد,,0,0,0,0,0,0,0,5.0,830.0,8648.5,0.177,0.177,1.31,5,65.0,8.85587367975478,3.0,0.0,64.87711
grid_17_28,30.0675,31.3855,0.1109,محور شينزو ابى,مطعم الزعيم للكشري,1,0,0,1,0,0,0,6.235,556.1,5794.8,0.458,0.458,1.277,4,68.72,9.355596746099437,3.0,0.0,68.61693
grid_17_29,30.0675,31.3885,0.1109,شارع الحدود,Gardenia Mall City Walk,1,0,0,0,0,0,0,2.678,357.0,3720.0,0.745,0.745,1.308,2,51.4,1.1871615006116751,1.0,0.0,51.44741
grid_17_30,30.0675,31.3915,0.1109,Unknown,,3,0,1,1,0,0,0,3.965,268.1,2793.9,0.907,0.907,1.399,1,46.74,0.0,0.0,0.0,46.69984
grid_17_31,30.0675,31.3945,0.1109,Unknown,,0,0,0,0,0,0,0,2.573,215.0,2240.4,0.952,0.952,1.54,1,40.83,0.0,0.0,0.0,40.908207
grid_17_32,30.0675,31.3975,0.1109,Unknown,,0,0,0,0,0,0,0,3.692,188.6,1964.9,1.076,1.076,1.718,0,41.14,0.0,0.0,0.0,41.101704
grid_17_33,30.0675,31.4005,0.1109,Unknown,,0,0,0,0,0,0,0,3.341,162.2,1690.0,1.255,1.255,1.924,0,38.51,0.0,0.0,0.0,38.403095
grid_17_34,30.0675,31.4035,0.1109,Unknown,,0,0,0,0,0,0,0,3.362,139.3,1451.3,1.469,1.469,2.148,0,36.88,4.714291531583191,5.0,0.0,37.0823
grid_17_35,30.0675,31.4065,0.1109,Unknown,,0,0,0,0,0,0,0,2.023,159.0,1656.5,1.705,1.705,2.387,0,35.64,0.0,0.0,0.0,35.621006
grid_17_36,30.0675,31.4095,0.1109,Unknown,,0,0,0,0,0,0,0,0.272,181.0,1885.7,1.905,1.905,2.635,0,33.74,0.0,0.0,0.0,33.82499
grid_17_37,30.0675,31.4125,0.1109,Unknown,,0,0,0,0,0,0,0,0.0,203.0,2115.5,2.027,2.05,2.891,0,34.81,0.0,0.0,0.0,34.87375
grid_17_38,30.0675,31.4155,0.1109,Unknown,,0,0,0,0,0,0,0,0.0,333.7,3476.8,2.172,2.223,3.153,0,44.34,0.0,0.0,0.0,44.362034
grid_17_39,30.0675,31.4185,0.1109,Unknown,,0,0,0,0,0,0,0,1.936,323.9,3374.9,2.345,2.419,3.419,0,47.5,2.523379118472476,3.0,0.0,47.31835
grid_18_0,30.0705,31.3015,0.1109,شارع اسماعيل الفنجري,,0,0,0,0,0,0,0,0.311,993.7,10355.4,0.495,0.495,3.136,1,55.62,0.0,0.0,0.0,55.619957
grid_18_1,30.0705,31.3045,0.1109,شارع اسماعيل الفنجري,,0,0,0,0,0,0,0,2.28,856.8,8928.7,0.547,0.547,2.866,1,59.56,4.006252018041323,5.0,0.0,59.623333
grid_18_2,30.0705,31.3075,0.1109,Unknown,,0,0,0,0,0,0,0,0.0,587.4,6121.0,0.722,0.722,2.6,1,55.0,0.0,0.0,0.0,55.007812
grid_18_3,30.0705,31.3105,0.1109,Unknown,,0,0,0,0,0,0,0,0.0,629.9,6563.9,0.799,0.953,2.34,2,55.0,0.0,0.0,0.0,55.007744
grid_18_4,30.0705,31.3135,0.1109,Unknown,,0,0,0,0,0,0,0,0.0,565.1,5889.1,0.541,1.21,2.087,1,55.0,0.0,0.0,0.0,54.99981
grid_18_5,30.0705,31.3165,0.1109,شارع يوسف عباس,,0,0,0,0,0,0,0,0.477,634.6,6612.4,0.337,1.222,1.844,1,55.95,3.197125763573509,5.0,0.0,55.97495
grid_18_6,30.0705,31.3195,0.1109,شارع يوسف عباس,,0,0,0,0,0,0,0,2.421,1824.4,19011.5,0.319,0.972,1.617,2,59.84,3.580906350605795,5.0,0.0,59.80554
grid_18_7,30.0705,31.3225,0.1109,شارع ابن فضلان,مدرسة الشهيد أحمد تعلب الفندقية للتكنولوجيا التطبيقية; مدرسة عبير الإسلام الخاصة; صن مول,3,0,0,0,0,2,0,2.17,3127.1,32586.5,0.507,0.749,1.413,4,61.84,3.8907542622116895,3.0,0.0,61.84297
grid_18_8,30.0705,31.3255,0.1109,شارع الطيران,,0,0,0,0,0,0,0,2.113,3745.1,39026.4,0.532,0.532,1.242,7,59.23,3.702585725849068,5.0,0.0,59.238434
grid_18_9,30.0705,31.3285,0.1109,شارع احمد تيسير,,0,0,0,0,0,0,0,0.906,4146.9,43212.7,0.354,0.354,1.121,8,56.81,2.241869628879412,3.0,0.0,56.824825
grid_18_10,30.0705,31.3315,0.1109,شارع احمد تيسير,,0,0,0,0,0,0,0,0.469,3498.7,36458.2,0.367,0.367,1.009,8,55.94,1.403584717836185,3.0,0.0,55.91149
grid_18_11,30.0705,31.3345,0.1109,امتداد شارع عباس العقاد,,0,0,0,0,0,0,0,0.671,3067.4,31963.8,0.375,0.375,0.767,20,56.34,0.4958581459695229,1.0,0.0,56.356018
grid_18_12,30.0705,31.3375,0.1109,شارع النزهه,ام كلثوم,1,0,0,1,0,0,0,1.625,2395.0,24956.9,0.346,0.346,0.569,19,59.5,8.944321521179777,8.0,11.0,59.4487
grid_18_13,30.0705,31.3405,0.1109,شارع البنك,,0,0,0,0,0,0,0,1.587,1864.5,19428.8,0.2,0.2,0.475,17,58.17,5.118940680623331,9.0,3.0,58.32126
grid_18_14,30.0705,31.3435,0.1109,امتداد شارع مكرم عبيد,عودة; بنك الاسكندرية; ك الارزاق بالله; كشرى زيزو; سوباركت بندة; كشري سيد حنفي,7,2,1,2,0,0,2,2.495,1491.6,15542.8,0.089,0.089,0.543,16,56.49,11.696771428824434,9.0,7.0,56.460655
grid_18_15,30.0705,31.3465,0.1109,شارع الامداد و التموين,,0,0,0,0,0,0,0,1.393,1318.4,13738.0,0.26,0.26,0.728,14,57.79,15.185817209002508,9.0,6.0,57.800632
grid_18_16,30.0705,31.3495,0.1109,شارع عمر بن الخطاب,,0,0,0,0,0,0,0,2.079,1365.3,14226.9,0.526,0.526,0.966,14,59.16,11.146016258896914,9.0,11.0,59.12548
grid_18_17,30.0705,31.3525,0.1109,شارع حافظ رمضان,,0,0,0,0,0,0,0,1.57,1390.4,14489.1,0.601,0.601,1.226,8,58.14,26.78086726256576,9.0,10.0,58.12265
grid_18_18,30.0705,31.3555,0.1109,شارع حسن مأمون,,0,0,0,0,0,0,0,1.596,1164.0,12129.8,0.782,0.782,1.496,3,58.19,8.071926348584384,9.0,12.0,58.242825
grid_18_19,30.0705,31.3585,0.1109,Unknown,,0,0,0,0,0,0,0,0.0,1214.8,12658.6,0.911,0.911,1.772,1,55.0,0.0,0.0,0.0,55.003414
grid_18_20,30.0705,31.3615,0.1109,شارع الشهيد محمد مصطفى كاريكا,,0,0,0,0,0,0,0,0.823,1220.0,12713.3,1.005,1.005,2.052,0,56.65,4.638794927578693,5.0,0.0,56.614197
grid_18_21,30.0705,31.3645,0.1109,شارع مساكن الشروق,,0,0,0,0,0,0,0,1.266,1087.5,11332.6,0.985,0.985,2.333,1,57.53,2.209008594138389,3.0,0.0,57.444298
grid_18_22,30.0705,31.3675,0.1109,شارع ابو بكر الصديق,,0,0,0,0,0,0,0,2.588,945.2,9849.7,0.7,0.7,2.368,2,60.18,4.078047984898364,3.0,0.0,60.154747
grid_18_23,30.0705,31.3705,0.1109,شارع الزهور 2,,0,0,0,0,0,0,0,3.73,698.6,7279.6,0.421,0.421,2.165,4,62.46,5.603507547390611,3.0,0.0,62.399395
grid_18_24,30.0705,31.3735,0.1109,شارع الزهور,العامري,1,1,0,0,0,0,0,3.745,538.8,5614.5,0.174,0.174,1.984,5,60.49,6.035292076054876,3.0,0.0,60.536884
grid_18_25,30.0705,31.3765,0.1109,شارع الخلفاء الراشدين,,0,0,0,0,0,0,0,3.624,587.5,6121.6,0.089,0.224,1.83,5,62.25,5.030758422519221,3.0,0.0,62.2161
grid_18_26,30.0705,31.3795,0.1109,شارع المدارس,,0,0,0,0,0,0,0,2.796,649.1,6763.5,0.232,0.417,1.712,5,60.59,4.994624382734311,3.0,0.0,60.621063
grid_18_27,30.0705,31.3825,0.1109,شارع خالد بن الوليد,,0,0,0,0,0,0,0,1.894,643.8,6709.0,0.431,0.431,1.637,5,58.79,5.043485796451347,3.0,0.0,58.71131
grid_18_28,30.0705,31.3855,0.1109,محور شينزو ابى,,0,0,0,0,0,0,0,6.247,530.4,5526.8,0.603,0.603,1.61,2,67.49,8.877851625821854,3.0,0.0,67.47722
grid_18_29,30.0705,31.3885,0.1109,محور شينزو ابى,,0,0,0,0,0,0,0,3.628,378.3,3941.7,0.842,0.842,1.635,1,54.85,1.3319751102333737,3.0,0.0,54.994087
grid_18_30,30.0705,31.3915,0.1109,Unknown,,0,0,0,0,0,0,0,3.842,236.4,2463.3,1.105,1.105,1.709,0,44.93,0.0,0.0,0.0,44.969883
grid_18_31,30.0705,31.3945,0.1109,Unknown,,0,0,0,0,0,0,0,3.015,203.2,2117.2,1.274,1.274,1.826,0,40.85,0.0,0.0,0.0,41.07638
grid_18_32,30.0705,31.3975,0.1109,Unknown,,0,0,0,0,0,0,0,3.581,176.6,1839.9,1.369,1.369,1.979,0,40.04,0.0,0.0,0.0,40.08784
grid_18_33,30.0705,31.4005,0.1109,Unknown,,0,0,0,0,0,0,0,1.333,168.7,1757.8,1.513,1.513,2.159,0,34.97,0.0,0.0,0.0,35.01982
grid_18_34,30.0705,31.4035,0.1109,Unknown,,0,0,0,0,0,0,0,2.654,159.2,1659.0,1.695,1.695,2.362,0,36.92,2.942501788305252,5.0,0.0,37.134396
grid_18_35,30.0705,31.4065,0.1109,Unknown,,0,0,0,0,0,0,0,2.18,168.7,1757.9,1.904,1.904,2.58,0,36.67,0.5602756281212148,1.0,0.0,36.765972
grid_18_36,30.0705,31.4095,0.1109,Unknown,,0,0,0,0,0,0,0,1.484,182.9,1905.8,2.131,2.131,2.812,0,36.31,0.0,0.0,0.0,36.342403
grid_18_37,30.0705,31.4125,0.1109,Unknown,,0,0,0,0,0,0,0,0.317,217.2,2262.9,2.329,2.335,3.053,0,36.47,0.0,0.0,0.0,36.357933
grid_18_38,30.0705,31.4155,0.1109,Unknown,,0,0,0,0,0,0,0,0.385,236.5,2464.2,2.457,2.488,3.302,0,38.02,1.130805748010809,1.0,0.0,38.15963
grid_18_39,30.0705,31.4185,0.1109,Unknown,,0,0,0,0,0,0,0,0.284,249.5,2600.1,2.611,2.665,3.557,0,38.77,3.5045632696409794,3.0,0.0,38.95063
grid_19_0,30.0735,31.3015,0.1109,كوبري الفنجري,فتح الله جملة ماركت,1,1,0,0,0,0,0,1.855,1189.9,12400.1,0.166,0.166,3.16,1,56.71,17.976965559811774,9.0,7.0,56.668053
grid_19_1,30.0735,31.3045,0.1109,شارع صلاح سالم,,0,0,0,0,0,0,0,0.834,912.1,9504.8,0.287,0.287,2.882,1,56.67,3.8208174852625816,9.0,3.0,56.647068
grid_19_2,30.0735,31.3075,0.1109,شارع الاستاد,,0,0,0,0,0,0,0,1.027,885.6,9228.5,0.551,0.551,2.606,1,57.05,1.367779054828287,1.0,0.0,57.078403
grid_19_3,30.0735,31.3105,0.1109,شارع الاستاد,,0,0,0,0,0,0,0,0.926,917.5,9561.4,0.743,0.832,2.333,2,56.85,0.1847250460323941,1.0,0.0,56.90095
grid_19_4,30.0735,31.3135,0.1109,شارع الاستاد,,0,0,0,0,0,0,0,0.733,851.3,8871.5,0.455,1.116,2.065,1,56.47,1.1315795790444083,5.0,0.0,56.450237
grid_19_5,30.0735,31.3165,0.1109,شارع يوسف عباس,,0,0,0,0,0,0,0,2.249,1221.7,12731.6,0.17,1.086,1.802,1,59.5,5.055016282651514,5.0,0.0,59.487694
grid_19_6,30.0735,31.3195,0.1109,شارع خضر التوني,عطر للعطور و العود,1,0,1,0,0,0,0,2.038,2941.9,30657.6,0.13,0.979,1.55,3,57.08,4.056980060181937,3.0,0.0,57.152645
grid_19_7,30.0735,31.3225,0.1109,شارع الطيران,د. ممدوح لبيب,1,0,0,0,0,0,0,2.125,3115.9,32470.4,0.414,0.795,1.312,7,59.25,6.321330014976198,5.0,0.0,59.20306
grid_19_8,30.0735,31.3255,0.1109,شارع الطيران,,0,0,0,0,0,0,0,0.307,3201.8,33365.6,0.688,0.688,1.098,8,55.61,1.2989746091277927,5.0,0.0,55.6018
grid_19_9,30.0735,31.3285,0.1109,شارع احمد تيسير,,0,0,0,0,0,0,0,1.493,3058.0,31866.7,0.673,0.673,0.927,17,57.99,2.97570662954684,3.0,0.0,57.98893
grid_19_10,30.0735,31.3315,0.1109,Unknown,,0,0,0,0,0,0,0,0.779,2934.4,30578.8,0.441,0.441,0.823,19,56.56,1.7878835838456966,1.0,0.0,56.538567
grid_19_11,30.0735,31.3345,0.1109,امتداد شارع عباس العقاد,جنة ماركت,1,1,0,0,0,0,0,1.336,2937.6,30612.2,0.181,0.181,0.619,28,55.67,1.7760723552744513,5.0,0.0,55.747227
grid_19_12,30.0735,31.3375,0.1109,شارع النزهه,,2,0,0,1,0,0,0,1.797,2559.2,26669.3,0.108,0.108,0.344,27,59.84,7.068897493926968,7.0,3.0,59.803913
grid_19_13,30.0735,31.3405,0.1109,شارع البنك,,2,0,0,1,0,0,0,3.364,1882.4,19615.9,0.143,0.264,0.143,18,62.98,5.9926957246223616,7.0,3.0,62.983784
grid_19_14,30.0735,31.3435,0.1109,امتداد شارع مكرم عبيد,مترو اكسبرس; زيدان; كاريبو كوفي; City Stars; Banque MISR; مترو اكسبرس,9,5,0,2,1,0,1,1.828,1550.9,16161.9,0.048,0.048,0.299,15,52.41,5.55455573402862,3.0,0.0,52.410698
grid_19_15,30.0735,31.3465,0.1109,شارع فاطمه بنت مبارك,سيتى ستارز مول,2,0,0,1,0,0,0,0.939,1196.6,12469.9,0.219,0.219,0.57,16,58.13,2.3863214951373863,3.0,0.0,58.051758
grid_19_16,30.0735,31.3495,0.1109,شارع عمر بن الخطاب,,0,0,0,0,0,0,0,1.502,830.7,8656.9,0.507,0.507,0.853,12,58.0,3.37621052678112,3.0,0.0,58.06643
grid_19_17,30.0735,31.3525,0.1109,شارع الشهيد ابراهيم الشيخ,,0,0,0,0,0,0,0,1.185,860.7,8969.5,0.795,0.795,1.139,10,57.37,2.989284027628432,3.0,0.0,57.400402
grid_19_18,30.0735,31.3555,0.1109,Unknown,,0,0,0,0,0,0,0,0.0,897.6,9353.8,1.037,1.037,1.426,0,55.0,4.875114623814152,9.0,2.0,55.002583
grid_19_19,30.0735,31.3585,0.1109,Unknown,,0,0,0,0,0,0,0,0.0,981.7,10230.1,1.221,1.221,1.713,0,55.0,3.685968302743872,9.0,1.0,54.999687
grid_19_20,30.0735,31.3615,0.1109,شارع الثانوية الجويه,,0,0,0,0,0,0,0,1.827,1124.0,11713.2,1.311,1.311,2.001,0,58.65,3.822915821080928,5.0,0.0,58.646175
grid_19_21,30.0735,31.3645,0.1109,شارع الثانوية الجويه,,0,0,0,0,0,0,0,0.692,1029.6,10729.0,1.083,1.083,2.289,0,56.38,3.587136687347328,3.0,0.0,56.39443
grid_19_22,30.0735,31.3675,0.1109,شارع مساكن الشروق,,0,0,0,0,0,0,0,2.222,860.9,8971.6,0.832,0.832,2.577,1,59.44,5.492229397817083,3.0,0.0,59.453182
grid_19_23,30.0735,31.3705,0.1109,شارع ابو بكر الصديق,,0,0,0,0,0,0,0,3.38,678.1,7066.6,0.615,0.615,2.424,2,61.76,6.304043395494985,3.0,0.0,61.81018
grid_19_24,30.0735,31.3735,0.1109,شارع الصاعقه,,0,0,0,0,0,0,0,1.192,595.9,6210.2,0.481,0.481,2.263,3,57.38,6.4169116509804764,3.0,0.0,57.310307
grid_19_25,30.0735,31.3765,0.1109,شارع الصاعقه,,0,0,0,0,0,0,0,2.228,646.2,6734.0,0.4,0.501,2.13,4,59.46,2.476632461363531,3.0,0.0,59.458366
grid_19_26,30.0735,31.3795,0.1109,شارع الصاعقه,,0,0,0,0,0,0,0,1.856,726.3,7569.0,0.454,0.662,2.029,4,58.71,4.881809348975607,3.0,0.0,58.7098
grid_19_27,30.0735,31.3825,0.1109,شارع 9,,0,0,0,0,0,0,0,4.093,724.1,7545.7,0.647,0.75,1.966,3,63.19,7.078010274603655,3.0,0.0,63.00575
grid_19_28,30.0735,31.3855,0.1109,شارع خالد بن الوليد,,0,0,0,0,0,0,0,5.202,590.2,6150.4,0.861,0.861,1.944,2,65.4,9.073679862865196,1.0,0.0,65.468155
grid_19_29,30.0735,31.3885,0.1109,محور شينزو ابى,,0,0,0,0,0,0,0,3.328,419.6,4372.8,1.042,1.042,1.964,0,57.27,5.420946283894814,7.0,6.0,57.2205
grid_19_30,30.0735,31.3915,0.1109,محور شينزو ابى,,0,0,0,0,0,0,0,2.275,340.1,3544.0,1.264,1.264,2.026,0,49.36,4.183922103340039,5.0,0.0,49.355637
grid_19_31,30.0735,31.3945,0.1109,محور شينزو ابى,,0,0,0,0,0,0,0,3.99,293.0,3053.4,1.509,1.509,2.126,0,49.35,2.824682821911953,5.0,0.0,49.361458
grid_19_32,30.0735,31.3975,0.1109,محور شينزو ابى,,0,0,0,0,0,0,0,3.002,228.8,2384.0,1.677,1.677,2.259,0,42.69,9.577515191518447,5.0,0.0,42.649185
grid_19_33,30.0735,31.4005,0.1109,محور شينزو ابى,,0,0,0,0,0,0,0,1.583,238.0,2480.6,1.797,1.797,2.418,0,40.53,1.433568575309062,5.0,0.0,40.583916
grid_19_34,30.0735,31.4035,0.1109,محور شينزو ابى,,0,0,0,0,0,0,0,2.193,227.2,2367.3,1.953,1.953,2.601,0,40.96,13.00457388216228,5.0,0.0,40.912495
grid_19_35,30.0735,31.4065,0.1109,محور شينزو ابى,,0,0,0,0,0,0,0,3.314,212.2,2211.8,2.136,2.136,2.801,0,42.11,1.7658349326073504,5.0,0.0,41.917706
grid_19_36,30.0735,31.4095,0.1109,محور شينزو ابى,,0,0,0,0,0,0,0,1.976,218.9,2281.4,2.341,2.341,3.015,0,39.92,2.3603329575545664,5.0,0.0,40.076607
grid_19_37,30.0735,31.4125,0.1109,محور شينزو ابى,,0,0,0,0,0,0,0,1.762,246.6,2570.1,2.562,2.562,3.241,0,41.51,5.571898879782802,5.0,0.0,41.194912
grid_19_38,30.0735,31.4155,0.1109,محور شينزو ابى,,0,0,0,0,0,0,0,1.92,245.0,2553.4,2.753,2.768,3.477,0,41.71,2.5313788514766498,4.0,0.0,41.808125
grid_19_39,30.0735,31.4185,0.1109,محور شينزو ابى,,0,0,0,0,0,0,0,2.635,253.8,2644.8,2.891,2.928,3.72,0,43.78,9.059560910515977,5.0,0.0,43.85869
grid_20_0,30.0765,31.3015,0.1109,كوبري الفنجري,,0,0,0,0,0,0,0,2.734,1537.4,16021.6,0.182,0.182,3.092,1,60.47,4.644008720500509,5.0,0.0,60.524174
grid_20_1,30.0765,31.3045,0.1109,شارع صلاح سالم,,0,0,0,0,0,0,0,2.129,1507.5,15709.4,0.296,0.296,2.807,1,59.26,1.642692422210037,1.0,0.0,59.290966
grid_20_2,30.0765,31.3075,0.1109,شارع احسان عبد القدوس,عيادة جراحة اورام العظام اد/ محمد عبدالرحمن مصطفى الننى; عيادة جراحة اورام العظام اد/ محمد عبدالرحمن مصطفى الننى,2,0,0,0,0,0,0,2.087,1227.1,12787.9,0.556,0.556,2.523,1,59.17,19.321581503657303,9.0,2.0,59.135906
grid_20_3,30.0765,31.3105,0.1109,شارع صلاح سالم الجانبي,التعاون,2,0,0,1,0,0,0,0.764,1025.5,10686.8,0.831,0.835,2.24,2,57.78,3.5138562028644014,8.0,1.0,57.797096
grid_20_4,30.0765,31.3135,0.1109,شارع يوسف عباس,,0,0,0,0,0,0,0,2.141,1004.2,10464.7,0.587,1.004,1.959,1,59.28,10.851795486091142,9.0,3.0,59.23971
grid_20_5,30.0765,31.3165,0.1109,شارع عثمان عبد الحفيظ,,0,0,0,0,0,0,0,2.647,2312.6,24099.9,0.408,0.802,1.68,2,60.29,2.7211673858945287,5.0,0.0,60.231834
grid_20_6,30.0765,31.3195,0.1109,شارع الطيران,The Location; El Shemy; Soltana,7,0,2,3,0,0,0,2.01,2823.5,29423.9,0.393,0.667,1.405,5,58.77,5.41690804258981,5.0,0.0,58.814903
grid_20_7,30.0765,31.3225,0.1109,شارع الطيران,,0,0,0,0,0,0,0,1.692,2707.8,28218.9,0.541,0.541,1.137,6,58.38,4.300890606365975,5.0,0.0,58.34607
grid_20_8,30.0765,31.3255,0.1109,شارع خضر التونى,,0,0,0,0,0,0,0,1.548,2696.0,28095.9,0.366,0.366,0.883,10,58.1,6.054598346663872,5.0,0.0,58.048935
grid_20_9,30.0765,31.3285,0.1109,شارع سور دار الدفاع الجوي,,0,0,0,0,0,0,0,1.499,2595.0,27042.7,0.34,0.34,0.658,17,58.0,2.9305157733486493,5.0,0.0,57.99176
grid_20_10,30.0765,31.3315,0.1109,شارع سور دار الدفاع الجوي,Wataneya Fuel Station,1,0,0,0,0,0,0,1.162,2711.1,28253.3,0.443,0.443,0.502,23,57.32,3.9336246710304463,5.0,0.0,57.308956
grid_20_11,30.0765,31.3345,0.1109,شارع سور دار الدفاع الجوي,,0,0,0,0,0,0,0,1.793,2651.0,27626.8,0.208,0.208,0.487,29,58.59,3.0474589157992447,5.0,0.0,58.621338
grid_20_12,30.0765,31.3375,0.1109,شارع دار الدفاع الجوي,,0,0,0,0,0,0,0,0.892,2661.6,27737.2,0.239,0.239,0.368,30,56.78,1.2875572876333226,1.0,0.0,56.755062
grid_20_13,30.0765,31.3405,0.1109,شارع النزهه,عيادات سيمويا الايطالية للتجميل SIMOE Italian Beauty Clinics; مطعم عمي بشندي,3,0,0,1,0,0,0,2.531,2071.2,21583.9,0.194,0.334,0.194,28,61.31,8.89855980422817,7.0,6.0,61.3117
grid_20_14,30.0765,31.3435,0.1109,امتداد شارع مكرم عبيد,البنك الأهلي المصري,1,0,0,0,0,0,1,1.681,1600.0,16673.9,0.219,0.219,0.327,21,58.36,2.861715496902584,3.0,0.0,58.35003
grid_20_15,30.0765,31.3465,0.1109,شارع عمارات ميلسا,,0,0,0,0,0,0,0,2.645,1075.3,11206.1,0.389,0.389,0.585,13,60.29,1.648439174638045,3.0,0.0,60.227936
grid_20_16,30.0765,31.3495,0.1109,Unknown,,0,0,0,0,0,0,0,0.635,711.0,7409.9,0.618,0.618,0.863,10,56.27,2.8020952128905945,3.0,0.0,56.3441
grid_20_17,30.0765,31.3525,0.1109,شارع الشهيد ابراهيم الشيخ,,0,0,0,0,0,0,0,0.892,824.3,8589.8,0.87,0.87,1.146,7,56.78,1.328465045702658,3.0,0.0,56.75207
grid_20_18,30.0765,31.3555,0.1109,Unknown,,0,0,0,0,0,0,0,0.0,866.1,9026.1,1.14,1.14,1.432,0,55.0,0.0,0.0,0.0,55.003563
grid_20_19,30.0765,31.3585,0.1109,Unknown,,0,0,0,0,0,0,0,0.0,997.2,10392.4,1.417,1.417,1.718,0,55.0,5.98022439321192,9.0,1.0,54.998207
grid_20_20,30.0765,31.3615,0.1109,شارع الشهيد محمد مصطفى كاريكا,,0,0,0,0,0,0,0,0.662,1031.1,10745.6,1.498,1.498,2.005,0,56.32,5.126075018185998,9.0,3.0,56.395588
grid_20_21,30.0765,31.3645,0.1109,Unknown,,0,0,0,0,0,0,0,0.0,893.7,9313.9,1.263,1.263,2.293,0,55.0,0.0,0.0,0.0,55.03253
grid_20_22,30.0765,31.3675,0.1109,Unknown,,0,0,0,0,0,0,0,0.0,877.1,9140.2,1.056,1.056,2.58,0,55.0,0.0,0.0,0.0,55.00377
grid_20_23,30.0765,31.3705,0.1109,شارع الورشه,,0,0,0,0,0,0,0,0.026,804.4,8383.3,0.896,0.896,2.699,2,55.05,0.1567626597450424,3.0,0.0,55.000008
grid_20_24,30.0765,31.3735,0.1109,Unknown,,0,0,0,0,0,0,0,0.0,748.4,7798.8,0.81,0.81,2.555,2,55.0,0.0,0.0,0.0,55.001663
grid_20_25,30.0765,31.3765,0.1109,Unknown,,0,0,0,0,0,0,0,0.689,703.9,7335.1,0.732,0.822,2.438,2,56.38,2.424470573926028,3.0,0.0,56.345818
grid_20_26,30.0765,31.3795,0.1109,شارع الصاعقه,,0,0,0,0,0,0,0,0.724,885.8,9231.4,0.762,0.928,2.35,2,56.45,2.805931545645694,3.0,0.0,56.3519
grid_20_27,30.0765,31.3825,0.1109,شارع 8,,0,0,0,0,0,0,0,4.154,899.2,9370.5,0.891,1.078,2.296,1,63.31,7.362269545025685,1.0,0.0,63.371986
grid_20_28,30.0765,31.3855,0.1109,شارع المزرعه,,0,0,0,0,0,0,0,4.73,659.3,6870.3,1.083,1.158,2.277,0,64.46,7.394069500347959,1.0,0.0,64.50151
grid_20_29,30.0765,31.3885,0.1109,Unknown,,0,0,0,0,0,0,0,0.064,473.5,4934.8,1.298,1.298,2.295,0,54.67,9.20165462529813,7.0,2.0,54.42802
grid_20_30,30.0765,31.3915,0.1109,Unknown,,0,0,0,0,0,0,0,0.0,480.5,5007.8,1.482,1.482,2.348,0,55.0,0.0,0.0,0.0,55.00494
grid_20_31,30.0765,31.3945,0.1109,Unknown,,0,0,0,0,0,0,0,0.0,427.6,4456.1,1.696,1.696,2.435,0,51.19,0.0,0.0,0.0,51.09315
grid_20_32,30.0765,31.3975,0.1109,Unknown,,0,0,0,0,0,0,0,1.044,346.0,3605.7,1.929,1.929,2.551,0,47.33,1.1699692981321854,1.0,0.0,47.460728
grid_20_33,30.0765,31.4005,0.1109,Unknown,,0,0,0,0,0,0,0,0.0,379.3,3952.3,2.095,2.095,2.694,0,47.67,0.0,0.0,0.0,47.57319
grid_20_34,30.0765,31.4035,0.1109,محور شينزو ابى,,0,0,0,0,0,0,0,1.687,371.7,3873.9,2.23,2.23,2.858,0,50.49,3.626392462123968,5.0,0.0,50.33099
grid_20_35,30.0765,31.4065,0.1109,محور شينزو ابى,,0,0,0,0,0,0,0,0.267,348.7,3634.3,2.393,2.393,3.042,0,45.97,1.4226281505662155,5.0,0.0,45.879097
grid_20_36,30.0765,31.4095,0.1109,Unknown,,0,0,0,0,0,0,0,0.0,327.1,3408.3,2.577,2.577,3.24,0,43.86,4.40772489243502,3.0,0.0,43.774033
grid_20_37,30.0765,31.4125,0.1109,Unknown,,0,0,0,0,0,0,0,0.687,384.5,4007.4,2.78,2.78,3.452,0,49.43,0.0,0.0,0.0,49.606228
grid_20_38,30.0765,31.4155,0.1109,Unknown,,0,0,0,0,0,0,0,0.766,361.8,3770.6,2.996,2.996,3.674,0,47.93,3.7495321598805367,3.0,0.0,48.044033
grid_20_39,30.0765,31.4185,0.1109,Unknown,,0,0,0,0,0,0,0,1.238,367.6,3831.2,3.181,3.204,3.904,0,49.29,3.5514116792559407,3.0,0.0,49.32432
grid_21_0,30.0795,31.3015,0.1109,شارع اسماعيل الفنجري,,0,0,0,0,0,0,0,1.185,1615.5,16835.5,0.511,0.511,3.059,1,57.37,1.7051197555870632,3.0,0.0,57.39528
grid_21_1,30.0795,31.3045,0.1109,شارع الشهيد احمد زكي,,0,0,0,0,0,0,0,1.779,1519.1,15831.6,0.562,0.562,2.77,1,58.56,3.4158497987535537,3.0,0.0,58.525505
grid_21_2,30.0795,31.3075,0.1109,شارع احسان عبد القدوس,,0,0,0,0,0,0,0,1.325,1407.4,14667.2,0.733,0.733,2.482,1,57.65,3.9213602077617526,3.0,0.0,57.631172
grid_21_3,30.0795,31.3105,0.1109,Unknown,,0,0,0,0,0,0,0,0.0,1567.2,16333.0,0.962,0.962,2.194,1,55.0,0.6323224326155847,1.0,0.0,55.00229
grid_21_4,30.0795,31.3135,0.1109,شارع صلاح سالم الجانبي,HSBC,1,0,0,0,0,0,1,1.773,1495.1,15581.2,0.834,0.834,1.906,2,58.55,9.173520053364836,9.0,3.0,58.52726
grid_21_5,30.0795,31.3165,0.1109,شارع مصطفي ابو زهره,EDBE BANK فرع العروبة,1,0,0,0,0,0,1,2.53,2109.9,21988.2,0.575,0.575,1.618,3,60.06,8.434540464850452,9.0,5.0,60.036728
grid_21_6,30.0795,31.3195,0.1109,شارع الطيران,,0,0,0,0,0,0,0,1.234,2322.3,24201.8,0.363,0.363,1.331,6,57.47,2.5202358436200027,5.0,0.0,57.55277
grid_21_7,30.0795,31.3225,0.1109,Unknown,,0,0,0,0,0,0,0,0.0,2480.0,25845.3,0.315,0.315,1.044,7,55.0,0.0,0.0,0.0,54.992077
grid_21_8,30.0795,31.3255,0.1109,شارع الشهيد عبد الوهاب القاضي,رزايه; هايبر مصر; صيدلية المروة,3,1,0,1,1,0,0,2.071,2339.4,24380.2,0.131,0.131,0.759,15,59.64,4.530986826197899,5.0,0.0,59.618767
grid_21_9,30.0795,31.3285,0.1109,شارع نبيل الوقاد,ك المروه; المحبه; بريجو,3,2,0,1,0,0,0,2.195,1909.2,19897.1,0.014,0.014,0.478,20,56.64,5.490372084242299,5.0,0.0,56.643894
grid_21_10,30.0795,31.3315,0.1109,شارع نبيل الوقاد,ك مبروك; مركز الدرة التخصصي للعيون,2,1,0,0,0,0,0,1.984,2383.8,24842.8,0.161,0.161,0.219,22,56.97,4.310492788472548,3.0,0.0,56.88377
grid_21_11,30.0795,31.3345,0.1109,شارع الشهيد حلمي شلبي,صيرفة; أسواق المدينه; الاسوانى,3,2,0,0,0,0,1,2.656,2496.1,26012.5,0.166,0.166,0.183,26,56.31,3.29782680860729,3.0,0.0,56.340702
grid_21_12,30.0795,31.3375,0.1109,شارع صبحى فهمى,الجولف ميموريال,2,0,0,0,0,0,0,2.83,2389.7,24904.6,0.173,0.173,0.431,29,60.66,4.464124175968245,1.0,0.0,60.6989
grid_21_13,30.0795,31.3405,0.1109,كوبري النزهه,موبيل; البنك العربي الافريقي; innen Cafe & Restaurant; Sola Cafe & Restaurant; دكتورة جميلة محمد نصر، القلب و الأوعية الدموية,5,0,0,2,0,0,1,5.06,2243.8,23383.7,0.055,0.316,0.527,28,67.62,7.788685584326202,7.0,11.0,67.4853
grid_21_14,30.0795,31.3435,0.1109,شارع حسن افلاطون,الجيزاوي; مستشفى عبدالقادر فهمي,2,0,0,1,0,0,0,4.111,1720.3,17928.0,0.233,0.49,0.588,27,64.47,5.289536625403723,3.0,0.0,64.49848
grid_21_15,30.0795,31.3465,0.1109,شارع عمر بن الخطاب,,0,0,0,0,0,0,0,1.489,1462.7,15243.3,0.522,0.638,0.763,17,57.98,4.1775929323375545,3.0,0.0,57.991245
grid_21_16,30.0795,31.3495,0.1109,Unknown,,0,0,0,0,0,0,0,0.0,1332.9,13890.3,0.754,0.754,0.992,10,55.0,0.0,0.0,0.0,54.99987
grid_21_17,30.0795,31.3525,0.1109,شارع الشهيد ابراهيم الشيخ,,0,0,0,0,0,0,0,0.68,1337.3,13936.5,0.936,0.936,1.246,1,56.36,6.72622658251802,9.0,1.0,56.350643
grid_21_18,30.0795,31.3555,0.1109,شارع الثوره الجانبى,,0,0,0,0,0,0,0,0.85,1272.8,13264.8,1.162,1.162,1.513,0,56.7,2.562916917633217,9.0,1.0,56.66869
grid_21_19,30.0795,31.3585,0.1109,شارع الثوره الجانبى,,0,0,0,0,0,0,0,0.259,1038.4,10822.2,1.411,1.411,1.786,0,55.52,6.450868591551583,10.0,6.0,55.53194
grid_21_20,30.0795,31.3615,0.1109,"طريق القاهرة, السويس الجانبى",,0,0,0,0,0,0,0,0.834,905.5,9436.3,1.673,1.673,2.064,0,56.67,31.308431686698565,10.0,15.0,56.67088
grid_21_21,30.0795,31.3645,0.1109,"طريق القاهرة, السويس الجانبى",,0,0,0,0,0,0,0,0.973,920.7,9595.2,1.497,1.497,2.344,0,56.95,12.339932873542486,10.0,5.0,56.90798
grid_21_22,30.0795,31.3675,0.1109,"طريق القاهرة, السويس",,0,0,0,0,0,0,0,1.103,848.7,8844.3,1.327,1.327,2.626,0,57.21,4.076813960642689,7.0,2.0,57.21694
grid_21_23,30.0795,31.3705,0.1109,"طريق القاهرة, السويس",,0,0,0,0,0,0,0,0.633,789.0,8222.5,1.204,1.204,2.91,0,56.27,15.944203472725915,10.0,3.0,56.16888
grid_21_24,30.0795,31.3735,0.1109,"طريق القاهرة, السويس",مستشفى الكهرباء بألماظة; المستشفي الوطني للعيون,2,0,0,0,0,0,0,1.391,694.0,7232.3,1.12,1.141,2.857,0,57.78,6.30904264593041,10.0,6.0,57.832138
grid_21_25,30.0795,31.3765,0.1109,"طريق القاهرة, السويس",,0,0,0,0,0,0,0,2.782,490.5,5111.4,1.064,1.15,2.752,0,60.56,7.13666379066679,9.0,8.0,60.527733
grid_21_26,30.0795,31.3795,0.1109,"طريق القاهرة, السويس",,0,0,0,0,0,0,0,3.011,641.2,6682.1,1.086,1.228,2.675,0,61.02,23.05267143440153,10.0,8.0,61.038097
grid_21_27,30.0795,31.3825,0.1109,"طريق القاهرة, السويس",حجوجة,1,0,0,1,0,0,0,2.48,672.8,7011.4,1.179,1.364,2.627,0,61.21,20.791963298282187,10.0,7.0,61.229332
grid_21_28,30.0795,31.3855,0.1109,"طريق القاهرة, السويس",,0,0,0,0,0,0,0,3.069,697.9,7273.3,1.331,1.471,2.611,0,61.14,9.975766027457947,7.0,5.0,61.045143
grid_21_29,30.0795,31.3885,0.1109,"طريق القاهرة, السويس",,0,0,0,0,0,0,0,1.236,620.7,6469.0,1.522,1.584,2.626,0,57.47,3.98169097764676,9.0,4.0,57.455887
grid_21_30,30.0795,31.3915,0.1109,"طريق القاهرة, السويس",,0,0,0,0,0,0,0,1.199,623.3,6496.0,1.738,1.738,2.673,0,57.4,15.841136047935857,10.0,3.0,57.453793
grid_21_31,30.0795,31.3945,0.1109,"طريق القاهرة, السويس",,0,0,0,0,0,0,0,0.399,584.4,6090.3,1.923,1.923,2.749,0,55.8,1.3806420510632798,9.0,1.0,55.75793
grid_21_32,30.0795,31.3975,0.1109,"طريق القاهرة, السويس",شيل اوت,1,0,0,0,0,0,0,1.891,518.6,5404.3,2.131,2.131,2.853,0,58.78,19.73359696964476,10.0,2.0,58.844612
grid_21_33,30.0795,31.4005,0.1109,"طريق القاهرة, السويس",,0,0,0,0,0,0,0,0.416,632.5,6591.3,2.357,2.357,2.981,0,55.83,4.918920846957813,7.0,1.0,55.89855
grid_21_34,30.0795,31.4035,0.1109,كوبرى جردينيا,,0,0,0,0,0,0,0,1.769,661.8,6897.4,2.522,2.522,3.131,0,58.54,7.797816971035443,7.0,1.0,58.61004
grid_21_35,30.0795,31.4065,0.1109,"طريق القاهرة, السويس",,0,0,0,0,0,0,0,0.252,563.7,5874.8,2.666,2.666,3.299,0,55.5,27.98791245910652,10.0,2.0,55.49511
grid_21_36,30.0795,31.4095,0.1109,"طريق القاهرة, السويس",وطنية,1,0,0,0,0,0,0,0.843,561.0,5846.0,2.833,2.833,3.483,0,56.69,1.0585129379600562,7.0,1.0,56.65681
grid_21_37,30.0795,31.4125,0.1109,"طريق القاهرة, السويس",,0,0,0,0,0,0,0,0.81,725.4,7559.8,3.018,3.018,3.68,0,56.62,2.412165648993158,7.0,1.0,56.638805
grid_21_38,30.0795,31.4155,0.1109,"طريق القاهرة, السويس",,0,0,0,0,0,0,0,1.358,613.4,6393.0,3.219,3.219,3.889,0,57.72,19.026988880747645,10.0,3.0,57.72438
grid_21_39,30.0795,31.4185,0.1109,"طريق القاهرة, السويس",,0,0,0,0,0,0,0,1.877,512.4,5340.1,3.432,3.432,4.108,0,58.75,14.566117533493612,10.0,6.0,58.788624
grid_22_0,30.0825,31.3015,0.1109,Unknown,,0,0,0,0,0,0,0,0.0,2067.5,21546.6,0.844,0.844,3.062,1,55.0,0.0,0.0,0.0,55.01304
grid_22_1,30.0825,31.3045,0.1109,Unknown,,0,0,0,0,0,0,0,0.0,2050.6,21370.6,0.875,0.875,2.774,1,55.0,0.0,0.0,0.0,55.005665
grid_22_2,30.0825,31.3075,0.1109,شارع احسان عبد القدوس,,0,0,0,0,0,0,0,0.94,1746.2,18199.0,0.994,0.994,2.486,1,56.88,2.2211916549970137,3.0,0.0,56.89934
grid_22_3,30.0825,31.3105,0.1109,Unknown,,0,0,0,0,0,0,0,0.0,1710.3,17824.6,1.066,1.066,2.198,0,55.0,0.0,0.0,0.0,55.00282
grid_22_4,30.0825,31.3135,0.1109,Unknown,,0,0,0,0,0,0,0,0.0,1535.3,16000.8,0.778,0.778,1.911,1,55.0,0.0,0.0,0.0,55.00358
grid_22_5,30.0825,31.3165,0.1109,نفق الطيران,,0,0,0,0,0,0,0,0.477,1288.6,13429.8,0.49,0.49,1.624,1,55.95,1.993177903904619,5.0,0.0,55.971428
grid_22_6,30.0825,31.3195,0.1109,نفق الطيران,,0,0,0,0,0,0,0,0.165,1418.3,14780.8,0.202,0.202,1.338,5,55.33,6.606199092132123,9.0,2.0,55.38513
grid_22_7,30.0825,31.3225,0.1109,شارع الشهيد عبد الوهاب القاضي,كارفور,1,1,0,0,0,0,0,1.908,1961.4,20441.1,0.094,0.094,1.053,6,56.82,7.24842373291603,9.0,3.0,56.834435
grid_22_8,30.0825,31.3255,0.1109,شارع محمد يوسف القاضي,كنتاكي; Hardee's,5,1,1,2,0,0,0,2.75,2337.2,24357.6,0.221,0.351,0.771,14,59.0,4.529489199604813,1.0,0.0,59.035645
grid_22_9,30.0825,31.3285,0.1109,شارع احمد تيسير,العزبي; عزبي; Kiosk; فروت ستار; كشك خالد دياب,6,0,1,2,3,0,0,2.414,2394.9,24959.0,0.068,0.259,0.497,19,64.08,6.247518797107073,5.0,0.0,64.07971
grid_22_10,30.0825,31.3315,0.1109,شارع شمس الدين الذهبي,مستشفى الميرغنى,1,0,0,0,0,0,0,2.847,2376.5,24767.1,0.212,0.212,0.258,22,60.69,3.151671881570948,1.0,0.0,60.70148
grid_22_11,30.0825,31.3345,0.1109,شارع نبيل الوقاد,دكتور سارة طلعت; جمجوم; THE فراخ; ك جلال; صحافة الجولف; ك زهرة الجولف,10,5,0,1,1,1,0,3.906,2396.8,24978.9,0.054,0.054,0.229,21,56.56,3.9370009694648727,3.0,0.0,56.55156
grid_22_12,30.0825,31.3375,0.1109,شارع نبيل الوقاد,سكم; اولاد غانم; بيج بوس; زكي و أولاده; أسواق البركه; صيدلية الصفا,7,4,1,0,1,0,0,3.29,2529.1,26357.9,0.042,0.042,0.453,22,52.83,5.569823757870767,3.0,0.0,52.80166
grid_22_13,30.0825,31.3405,0.1109,شارع النزهه,البنك العربي; مس إيرينى; ريفيري; ك برشلونه,4,1,0,1,0,1,1,3.544,2229.1,23231.2,0.104,0.104,0.724,24,62.59,22.541671324615248,9.0,16.0,62.646427
grid_22_14,30.0825,31.3435,0.1109,شارع الثوره,HSBC,1,0,0,0,0,0,1,3.133,1604.9,16725.5,0.366,0.366,0.899,21,61.27,7.450725546120931,9.0,1.0,61.22143
grid_22_15,30.0825,31.3465,0.1109,شارع عمر بن الخطاب,,0,0,0,0,0,0,0,2.675,1326.4,13823.9,0.328,0.328,1.022,12,60.35,7.08782600577993,9.0,2.0,60.356674
grid_22_16,30.0825,31.3495,0.1109,شارع اللواء السيد السعيد,,0,0,0,0,0,0,0,0.687,1184.1,12340.1,0.499,0.499,1.203,3,56.37,5.215224528742654,9.0,3.0,56.344994
grid_22_17,30.0825,31.3525,0.1109,شارع الثوره الجانبى,,0,0,0,0,0,0,0,3.102,1035.2,10788.8,0.746,0.746,1.42,1,61.2,5.611381041621005,9.0,4.0,61.229053
grid_22_18,30.0825,31.3555,0.1109,شارع فتحي القشلان,,0,0,0,0,0,0,0,2.505,963.0,10035.9,1.015,1.015,1.659,0,60.01,6.646739933586884,9.0,4.0,60.029404
grid_22_19,30.0825,31.3585,0.1109,شارع فتحي القشلان,,0,0,0,0,0,0,0,0.107,452.0,4710.6,1.293,1.293,1.911,0,53.19,1.633101869972141,9.0,3.0,53.31603
grid_22_20,30.0825,31.3615,0.1109,Unknown,,0,0,0,0,0,0,0,0.543,260.5,2714.5,1.574,1.574,2.173,0,40.09,13.284547426407112,9.0,6.0,40.162697
grid_22_21,30.0825,31.3645,0.1109,Unknown,,1,1,0,0,0,0,0,1.788,202.6,2112.0,1.764,1.764,2.441,0,36.36,6.7309869100729,9.0,6.0,36.440575
grid_22_22,30.0825,31.3675,0.1109,Unknown,,0,0,0,0,0,0,0,1.726,220.1,2293.3,1.622,1.622,2.713,0,39.51,0.6644769506790945,1.0,0.0,39.33947
grid_22_23,30.0825,31.3705,0.1109,Unknown,,0,0,0,0,0,0,0,0.0,319.0,3324.3,1.522,1.522,2.988,0,43.27,0.0,0.0,0.0,43.188274
grid_22_24,30.0825,31.3735,0.1109,Unknown,,0,0,0,0,0,0,0,0.562,331.1,3450.3,1.44,1.473,3.164,0,45.28,0.5333443933460579,1.0,0.0,45.247757
grid_22_25,30.0825,31.3765,0.1109,Unknown,,0,0,0,0,0,0,0,1.421,257.1,2679.8,1.397,1.48,3.07,0,41.6,1.8354162294233047,1.0,0.0,41.655876
grid_22_26,30.0825,31.3795,0.1109,شارع الصاعقه,,0,0,0,0,0,0,0,2.616,228.4,2380.0,1.414,1.542,3.001,0,41.89,2.164881604566577,3.0,0.0,41.864174
grid_22_27,30.0825,31.3825,0.1109,Unknown,,0,0,0,0,0,0,0,0.322,227.3,2369.1,1.487,1.652,2.959,0,37.23,0.9803408988971062,1.0,0.0,37.24014
grid_22_28,30.0825,31.3855,0.1109,Unknown,,0,0,0,0,0,0,0,2.454,275.9,2875.5,1.609,1.791,2.944,0,45.04,0.9678412015548078,3.0,0.0,44.867844
grid_22_29,30.0825,31.3885,0.1109,Unknown,,0,0,0,0,0,0,0,0.0,343.7,3582.0,1.771,1.885,2.958,0,45.07,0.0,0.0,0.0,45.210796
grid_22_30,30.0825,31.3915,0.1109,Unknown,,0,0,0,0,0,0,0,0.0,341.0,3553.8,1.962,2.016,3.0,0,44.88,0.0,0.0,0.0,44.790337
grid_22_31,30.0825,31.3945,0.1109,Unknown,,0,0,0,0,0,0,0,0.0,267.9,2792.2,2.174,2.178,3.068,0,39.55,0.0,0.0,0.0,39.674168
grid_22_32,30.0825,31.3975,0.1109,Unknown,,0,0,0,0,0,0,0,0.0,297.9,3104.6,2.364,2.364,3.161,0,41.73,2.190320923792892,7.0,1.0,41.685368
grid_22_33,30.0825,31.4005,0.1109,"طريق القاهرة, السويس",,0,0,0,0,0,0,0,1.019,278.4,2901.4,2.569,2.569,3.277,0,42.35,0.0,0.0,0.0,42.581085
grid_22_34,30.0825,31.4035,0.1109,"طريق القاهرة, السويس",,0,0,0,0,0,0,0,1.038,240.8,2509.2,2.789,2.789,3.414,0,39.64,6.595099324529415,7.0,1.0,39.63563
grid_22_35,30.0825,31.4065,0.1109,"طريق القاهرة, السويس",,0,0,0,0,0,0,0,0.946,233.8,2436.9,2.952,2.952,3.569,0,38.95,1.3622859749904066,9.0,1.0,38.945595
grid_22_36,30.0825,31.4095,0.1109,"طريق القاهرة, السويس",,0,0,0,0,0,0,0,0.974,355.4,3703.8,3.104,3.104,3.739,0,47.87,0.7433594775731734,7.0,1.0,47.754128
grid_22_37,30.0825,31.4125,0.1109,"طريق القاهرة, السويس",,0,0,0,0,0,0,0,0.341,437.8,4562.5,3.274,3.274,3.924,0,52.62,5.279840120795938,7.0,1.0,52.54886
grid_22_38,30.0825,31.4155,0.1109,"طريق القاهرة, السويس",,0,0,0,0,0,0,0,0.243,378.4,3944.1,3.459,3.459,4.12,0,48.09,0.0,0.0,0.0,48.04567
grid_22_39,30.0825,31.4185,0.1109,طريق الكابتن طيار لطفية النادي,,0,0,0,0,0,0,0,0.892,262.0,2730.8,3.658,3.658,4.327,0,40.9,5.808143109319774,7.0,3.0,40.90578
grid_23_0,30.0855,31.3015,0.1109,شارع الخليفه المأمون,مركز مصر للأشعة,1,0,0,0,0,0,0,1.496,2321.3,24192.5,1.177,1.177,3.101,0,57.99,2.4019803848485948,7.0,3.0,58.050682
grid_23_1,30.0855,31.3045,0.1109,شارع الخليفه المأمون,,1,0,0,0,0,0,1,1.16,2166.0,22573.9,1.2,1.2,2.817,0,57.32,5.678903196715555,7.0,5.0,57.318386
grid_23_2,30.0855,31.3075,0.1109,شارع احسان عبد القدوس,Hardee's,1,0,0,1,0,0,0,1.598,2075.7,21633.3,1.289,1.289,2.534,0,59.45,4.544394720654506,7.0,4.0,59.479187
grid_23_3,30.0855,31.3105,0.1109,شارع منشيه الطيران,تشيكن تيكا,1,0,0,1,0,0,0,0.482,1979.5,20630.9,1.127,1.127,2.252,0,57.21,0.2551685141054958,1.0,0.0,57.20685
grid_23_4,30.0855,31.3135,0.1109,شارع منشيه الطيران,,0,0,0,0,0,0,0,0.355,1456.4,15178.9,0.859,0.859,1.973,1,55.71,0.2261499859169799,1.0,0.0,55.739838
grid_23_5,30.0855,31.3165,0.1109,شارع ابو المحاسن,,0,0,0,0,0,0,0,0.327,1268.9,13225.1,0.61,0.61,1.696,1,55.65,0.1482312805533257,1.0,0.0,55.541332
grid_23_6,30.0855,31.3195,0.1109,شارع السيد الميرغنى,,0,0,0,0,0,0,0,0.045,1334.9,13913.0,0.416,0.416,1.425,3,55.09,0.0,0.0,0.0,55.10201
grid_23_7,30.0855,31.3225,0.1109,كوبرى الميرغني الجديد,,0,0,0,0,0,0,0,1.125,1445.2,15062.2,0.375,0.375,1.162,5,57.25,8.103834398523878,9.0,9.0,57.23954
grid_23_8,30.0855,31.3255,0.1109,كوبرى الميرغني الجديد,موبيل,1,0,0,0,0,0,0,1.971,1825.9,19030.0,0.404,0.525,0.914,13,58.94,21.917099347876125,9.0,14.0,58.966778
grid_23_9,30.0855,31.3285,0.1109,شارع السيد الميرغنى,سيف; Family Market; صيدلية حنا,4,1,0,1,2,0,0,2.794,1788.1,18635.3,0.345,0.592,0.699,19,62.34,8.438875017659553,9.0,7.0,62.28068
grid_23_10,30.0855,31.3315,0.1109,شارع السيد الميرغنى,CAE BANK فرع الميرغنى; بي أن بي باريبا; عبد الخالق; المشرق للعيون; FAB,5,0,0,0,1,0,3,2.451,1970.4,20535.4,0.399,0.399,0.555,19,61.15,4.568044576044021,7.0,4.0,61.2584
grid_23_11,30.0855,31.3345,0.1109,كوبري الميرغنى,كشك المرغنى,2,1,0,0,0,0,0,2.18,2314.4,24121.0,0.268,0.268,0.542,20,57.36,17.11834056340841,9.0,18.0,57.390408
grid_23_12,30.0855,31.3375,0.1109,شارع الشيخ محمد عبد الله دراز,صيدلية القدس; جراند كافيه; سوق السمك,3,0,0,2,1,0,0,1.931,2213.0,23064.2,0.255,0.272,0.668,18,62.61,8.620554374838084,9.0,3.0,62.671867
grid_23_13,30.0855,31.3405,0.1109,كوبري النزهه,توتال; keif; مستشفى فلسطين,3,0,0,1,0,0,0,4.168,1847.4,19254.0,0.357,0.375,0.875,17,64.59,10.444008959476646,9.0,12.0,64.78178
grid_23_14,30.0855,31.3435,0.1109,شارع الشهيد عبد المنعم حافظ,,0,0,0,0,0,0,0,2.583,1484.9,15475.6,0.19,0.19,1.119,13,60.17,4.378728050838215,1.0,0.0,60.078846
grid_23_15,30.0855,31.3465,0.1109,شارع الشهيد مهيب قاسم,Tivoli; Tivoli Dome; Caribou; Zamzam Supermarket,5,1,0,3,0,0,0,3.219,1236.0,12881.6,0.102,0.102,1.315,7,63.19,4.197036050990375,3.0,0.0,63.221916
grid_23_16,30.0855,31.3495,0.1109,شارع الشهيد مهيب قاسم,,0,0,0,0,0,0,0,0.958,1071.7,11169.0,0.389,0.389,1.46,1,56.92,2.2734781350954254,3.0,0.0,56.96856
grid_23_17,30.0855,31.3525,0.1109,شارع الشهيد مهيب قاسم,كبدةومخ الشرقاوي ألماظة مصرالجديدة,1,0,0,1,0,0,0,1.886,830.2,8652.3,0.677,0.677,1.643,1,60.02,5.563618988738925,9.0,3.0,59.942772
grid_23_18,30.0855,31.3555,0.1109,شارع 145,,0,0,0,0,0,0,0,0.371,497.7,5186.8,0.966,0.966,1.854,1,55.74,1.551693221716408,9.0,1.0,55.821117
grid_23_19,30.0855,31.3585,0.1109,Unknown,,0,0,0,0,0,0,0,0.0,323.8,3374.3,1.254,1.254,2.083,0,43.62,0.0,0.0,0.0,43.37972
grid_23_20,30.0855,31.3615,0.1109,Unknown,,0,0,0,0,0,0,0,0.0,287.8,2999.7,1.543,1.543,2.325,0,41.0,0.0,0.0,0.0,40.671726
grid_23_21,30.0855,31.3645,0.1109,Unknown,,0,0,0,0,0,0,0,0.819,247.0,2574.5,1.832,1.832,2.577,0,39.66,11.061160849323995,9.0,2.0,39.638706
grid_23_22,30.0855,31.3675,0.1109,Unknown,,0,0,0,0,0,0,0,1.832,259.2,2701.6,1.929,1.929,2.836,0,42.58,2.426682508855093,8.0,2.0,42.6088
grid_23_23,30.0855,31.3705,0.1109,Unknown,,0,0,0,0,0,0,0,0.0,322.1,3357.1,1.845,1.846,3.101,0,43.5,0.0,0.0,0.0,43.713097
grid_23_24,30.0855,31.3735,0.1109,Unknown,,0,0,0,0,0,0,0,0.0,274.0,2855.8,1.765,1.806,3.369,0,39.99,0.0,0.0,0.0,40.012863
grid_23_25,30.0855,31.3765,0.1109,شارع الصاعقه,,0,0,0,0,0,0,0,1.086,222.5,2319.1,1.731,1.812,3.392,0,38.41,3.10320101613289,3.0,0.0,38.421146
grid_23_26,30.0855,31.3795,0.1109,شارع الصاعقه,,0,0,0,0,0,0,0,0.78,207.3,2160.8,1.744,1.862,3.329,0,36.69,2.131127781446756,3.0,0.0,36.58898
grid_23_27,30.0855,31.3825,0.1109,Unknown,,0,0,0,0,0,0,0,0.0,208.0,2167.4,1.804,1.955,3.291,0,35.17,0.0,0.0,0.0,35.10872
grid_23_28,30.0855,31.3855,0.1109,Unknown,,0,0,0,0,0,0,0,0.0,224.5,2340.1,1.906,2.084,3.278,0,36.38,4.851205076880431,3.0,0.0,36.35156
grid_23_29,30.0855,31.3885,0.1109,Unknown,,0,0,0,0,0,0,0,0.0,262.2,2732.6,2.044,2.195,3.29,0,39.13,0.0,0.0,0.0,39.09686
grid_23_30,30.0855,31.3915,0.1109,Unknown,,0,0,0,0,0,0,0,0.0,297.2,3097.9,2.212,2.309,3.328,0,41.69,0.0,0.0,0.0,41.54457
grid_23_31,30.0855,31.3945,0.1109,Unknown,,0,0,0,0,0,0,0,0.0,238.3,2483.6,2.402,2.452,3.389,0,37.39,0.0,0.0,0.0,37.65596
grid_23_32,30.0855,31.3975,0.1109,Unknown,,0,0,0,0,0,0,0,0.0,245.0,2553.7,2.611,2.618,3.474,0,37.88,0.0,0.0,0.0,38.00612
grid_23_33,30.0855,31.4005,0.1109,Unknown,,0,0,0,0,0,0,0,0.0,246.4,2567.8,2.805,2.805,3.58,0,37.97,0.0,0.0,0.0,37.761795
grid_23_34,30.0855,31.4035,0.1109,Unknown,,0,0,0,0,0,0,0,0.0,189.9,1979.1,3.007,3.007,3.705,0,33.85,0.0,0.0,0.0,33.81115
grid_23_35,30.0855,31.4065,0.1109,Unknown,,0,0,0,0,0,0,0,0.0,167.5,1745.7,3.223,3.223,3.849,0,32.22,14.97978055314478,5.0,0.0,32.280857
grid_23_36,30.0855,31.4095,0.1109,Unknown,,0,0,0,0,0,0,0,0.0,174.6,1819.4,3.386,3.386,4.007,0,32.74,0.0,0.0,0.0,32.80739
grid_23_37,30.0855,31.4125,0.1109,طريق الكابتن طيار لطفية النادي,,0,0,0,0,0,0,0,0.47,175.3,1827.1,3.542,3.542,4.18,0,33.73,0.0,0.0,0.0,33.632072
grid_23_38,30.0855,31.4155,0.1109,طريق الكابتن طيار لطفية النادي,,0,0,0,0,0,0,0,0.673,163.5,1703.9,3.714,3.714,4.365,0,33.27,0.0,0.0,0.0,33.225258
grid_23_39,30.0855,31.4185,0.1109,طريق الكابتن طيار لطفية النادي,,0,0,0,0,0,0,0,0.913,147.5,1537.4,3.9,3.9,4.561,0,32.59,1.1997017482584955,7.0,1.0,32.603493
grid_24_0,30.0885,31.3015,0.1109,شارع المقريزي,دكتور محمود ناجي استشاري جراحة العظام و المفاصل; ك المقريزي; مدرسة المقريزى,3,1,0,0,0,1,0,3.833,3153.8,32870.3,1.51,1.51,3.174,0,61.92,9.898706105388996,7.0,9.0,61.857666
grid_24_1,30.0885,31.3045,0.1109,شارع المقريزي,Al-Isaaf,1,0,0,0,1,0,0,4.048,2371.9,24721.3,1.528,1.528,2.898,0,64.35,6.684403049473755,7.0,6.0,64.18561
grid_24_2,30.0885,31.3075,0.1109,شارع ابو السرور البكرى,نورمندي; b karnak; كنتاكي; صيدلية اشرف; بدران; CIB Bank,8,0,0,1,2,2,1,3.404,2378.8,24792.6,1.524,1.524,2.624,0,68.06,6.193258091588966,7.0,4.0,68.15805
grid_24_3,30.0885,31.3105,0.1109,شارع الخليفه المأمون,National Bank of Egypt; Mobil,2,0,0,0,0,0,1,2.932,2024.3,21098.3,1.274,1.274,2.353,0,60.86,9.439585947982158,7.0,7.0,60.92758
grid_24_4,30.0885,31.3135,0.1109,شارع ابو المحاسن,ألفا ماركت; سحر; Spectra; مدرسة الخلفاء الإعدادية بنين; برج مينا الطبى,5,1,0,1,1,1,0,2.783,1778.0,18530.7,1.045,1.045,2.087,0,62.32,3.425608788138574,1.0,0.0,62.306946
grid_24_5,30.0885,31.3165,0.1109,شارع السيد الميرغنى,,0,0,0,0,0,0,0,1.657,1742.9,18165.1,0.852,0.852,1.828,1,58.31,5.231038539782867,7.0,5.0,58.35233
grid_24_6,30.0885,31.3195,0.1109,شارع السيد الميرغنى,,0,0,0,0,0,0,0,1.769,1527.7,15922.8,0.726,0.726,1.579,1,58.54,11.473209539348806,7.0,5.0,58.525154
grid_24_7,30.0885,31.3225,0.1109,شارع ابراهيم اللقاني,شنتيي; HSBC; Second Cup,3,0,0,2,0,0,1,3.495,1537.4,16023.6,0.704,0.704,1.347,2,64.49,4.538575035997493,5.0,0.0,64.4404
grid_24_8,30.0885,31.3255,0.1109,شارع كيلوباترا,Sachi,1,0,0,1,0,0,0,2.492,1666.8,17371.9,0.707,0.794,1.14,3,61.23,3.129895420223387,1.0,0.0,61.17681
grid_24_9,30.0885,31.3285,0.1109,نفق الثوره,Mood Swing; مدرسة مصر الجديدة النموذجية بنات; مدرسة مصر الجديدة للغات; مدرسة سانت كلير للبنات,4,0,0,1,0,3,0,2.673,1810.8,18872.4,0.675,0.839,0.976,12,65.35,10.268616373435972,9.0,7.0,65.24391
grid_24_10,30.0885,31.3315,0.1109,نفق الثوره,بنك قناة السويس; CIB BANK فرع الثورة,2,0,0,0,0,0,2,2.113,1695.0,17666.4,0.676,0.676,0.878,16,59.23,18.61538610695941,9.0,14.0,59.228897
grid_24_11,30.0885,31.3345,0.1109,شارع البادية,ماكدونلدز; البنك الاهلى; اولاد رجب; البنك الأهلي المصري; مصر الجديده الثانويه للبنين,5,1,0,1,0,1,2,2.291,1677.4,17482.8,0.601,0.601,0.87,16,60.08,9.83572318079591,9.0,7.0,60.077637
grid_24_12,30.0885,31.3375,0.1109,شارع الحريه,Shawermer; Dr. Dina Safwat; Bank ABC; 7mart; Shiva Indian Restaurant; كشك الله لا الله الا هو,11,5,2,2,1,0,1,3.162,1840.6,19183.2,0.587,0.605,0.954,16,51.07,9.027864871460633,8.0,6.0,51.08599
grid_24_13,30.0885,31.3405,0.1109,شارع الحريه,البنك العقاري; Touches Clinic; عامر; ك الحريه,4,2,0,0,0,0,1,3.367,1553.8,16194.2,0.595,0.595,1.109,12,57.73,9.09778013740764,7.0,8.0,57.72083
grid_24_14,30.0885,31.3435,0.1109,شارع عمر بن الخطاب,صيدلية ريهام; البان قنديل; الصافورى; ثابت متركت; المقلة الحديثه; ك نجمة الماظه,8,6,0,0,1,1,0,3.06,1427.6,14879.3,0.401,0.401,1.31,6,51.62,6.129968803466345,3.0,0.0,51.67154
grid_24_15,30.0885,31.3465,0.1109,شارع الحريه,ك; مقهى موسيتي; كيوفا كافيه; إلدرز كافيه,6,1,0,5,0,0,0,3.928,1177.9,12276.4,0.368,0.368,1.539,2,67.11,5.645051463741046,3.0,0.0,66.99536
grid_24_16,30.0885,31.3495,0.1109,شارع الحريه,ك الصفا والمروه; كشك,2,2,0,0,0,0,0,1.256,870.8,9075.9,0.526,0.526,1.743,1,53.51,5.552243736996796,9.0,3.0,53.495205
grid_24_17,30.0885,31.3525,0.1109,Unknown,,0,0,0,0,0,0,0,0.0,409.1,4264.3,0.764,0.764,1.899,1,49.85,1.680244778098534,9.0,1.0,49.68005
grid_24_18,30.0885,31.3555,0.1109,Unknown,,0,0,0,0,0,0,0,0.0,270.8,2822.2,1.028,1.028,2.084,0,39.76,0.0,0.0,0.0,40.016376
grid_24_19,30.0885,31.3585,0.1109,Unknown,,0,0,0,0,0,0,0,0.0,216.5,2256.5,1.303,1.303,2.29,0,35.8,0.0,0.0,0.0,35.807396
grid_24_20,30.0885,31.3615,0.1109,Unknown,,0,0,0,0,0,0,0,0.0,268.5,2798.4,1.583,1.583,2.513,0,39.59,0.0,0.0,0.0,39.467747
grid_24_21,30.0885,31.3645,0.1109,Unknown,,0,0,0,0,0,0,0,0.0,326.6,3404.0,1.725,1.725,2.748,0,43.83,0.0,0.0,0.0,43.7809
grid_24_22,30.0885,31.3675,0.1109,Unknown,,0,0,0,0,0,0,0,1.251,285.6,2976.4,1.669,1.669,2.992,0,43.34,9.582876231657975,9.0,7.0,43.23368
grid_24_23,30.0885,31.3705,0.1109,Unknown,,0,0,0,0,0,0,0,0.612,306.2,3191.3,1.662,1.662,3.244,0,43.56,0.5325874664753015,3.0,0.0,43.42459
grid_24_24,30.0885,31.3735,0.1109,Unknown,,0,0,0,0,0,0,0,0.442,232.9,2427.7,1.705,1.705,3.501,0,37.88,0.7343436759852275,1.0,0.0,37.981922
grid_24_25,30.0885,31.3765,0.1109,شارع الصاعقه,,0,0,0,0,0,0,0,2.025,233.3,2431.6,1.793,1.793,3.715,0,41.07,1.5903839271618407,3.0,0.0,41.13746
grid_24_26,30.0885,31.3795,0.1109,Unknown,,0,0,0,0,0,0,0,2.496,201.0,2095.1,1.921,1.921,3.658,0,39.66,3.140204065703954,3.0,0.0,39.571938
grid_24_27,30.0885,31.3825,0.1109,Unknown,,0,0,0,0,0,0,0,1.701,215.2,2242.6,2.082,2.082,3.623,0,39.1,1.0615885939346368,3.0,0.0,38.994423
grid_24_28,30.0885,31.3855,0.1109,Unknown,,0,0,0,0,0,0,0,2.2,215.0,2240.9,2.213,2.268,3.612,0,40.09,2.7610285176291565,3.0,0.0,39.98661
grid_24_29,30.0885,31.3885,0.1109,Unknown,,0,0,0,0,0,0,0,1.258,213.9,2229.0,2.333,2.474,3.623,0,38.12,1.7648385866649676,5.0,0.0,38.17087
grid_24_30,30.0885,31.3915,0.1109,طريق الكابتن طيار لطفية النادي,,0,0,0,0,0,0,0,0.668,231.6,2413.7,2.481,2.612,3.657,0,38.23,0.73150258418445,5.0,0.0,38.220333
grid_24_31,30.0885,31.3945,0.1109,طريق الكابتن طيار لطفية النادي,,0,0,0,0,0,0,0,0.387,215.9,2250.3,2.652,2.739,3.713,0,36.53,0.0,0.0,0.0,36.559586
grid_24_32,30.0885,31.3975,0.1109,Unknown,,0,0,0,0,0,0,0,0.0,180.8,1884.3,2.843,2.889,3.79,0,33.19,0.0,0.0,0.0,33.497932
grid_24_33,30.0885,31.4005,0.1109,Unknown,,0,0,0,0,0,0,0,0.0,167.0,1740.1,3.049,3.059,3.888,0,32.18,0.0,0.0,0.0,31.97675
grid_24_34,30.0885,31.4035,0.1109,Unknown,,0,0,0,0,0,0,0,0.0,165.2,1721.3,3.246,3.246,4.004,0,32.05,15.581184112004935,5.0,0.0,31.963272
grid_24_35,30.0885,31.4065,0.1109,Unknown,,0,0,0,0,0,0,0,0.0,154.2,1607.5,3.447,3.447,4.136,0,31.25,0.0,0.0,0.0,31.218246
grid_24_36,30.0885,31.4095,0.1109,Unknown,,0,0,0,0,0,0,0,0.0,124.2,1294.6,3.659,3.659,4.284,0,29.06,0.0,0.0,0.0,29.016344
grid_24_37,30.0885,31.4125,0.1109,طريق الكابتن طيار لطفية النادي,,0,0,0,0,0,0,0,0.768,121.0,1261.0,3.821,3.821,4.446,0,30.36,0.0,0.0,0.0,30.703981
grid_24_38,30.0885,31.4155,0.1109,Unknown,,0,0,0,0,0,0,0,0.0,117.8,1228.1,3.981,3.981,4.621,0,28.6,0.0,0.0,0.0,28.648144
grid_24_39,30.0885,31.4185,0.1109,Unknown,,0,0,0,0,0,0,0,0.0,104.3,1086.7,4.155,4.155,4.806,0,27.61,0.0,0.0,0.0,27.504189
grid_25_0,30.0915,31.3015,0.1109,شارع ترعه الجبل,مدرسة النور بحمامات القبة للمكفوفين; مدرسة المستقبل الرسمية للغات; مدرسة الجيل الجديد,3,0,0,0,0,3,0,3.43,2892.6,30149.3,1.844,1.844,3.281,0,65.61,9.027137112940997,5.0,0.0,65.76507
grid_25_1,30.0915,31.3045,0.1109,محور جسر السويس,مدرسة كاظم اغا الابتدائية; مدرسة القبة الثانوية بنين,2,0,0,0,0,2,0,4.397,3255.6,33932.5,1.858,1.858,3.014,0,66.29,10.12278644367107,7.0,8.0,66.22227
grid_25_2,30.0915,31.3075,0.1109,شارع المقريزي,مستشفى منشية البكرى العام; برج الأطباء,2,0,0,0,0,0,0,4.384,2351.8,24512.7,1.703,1.703,2.751,0,63.77,23.561878660011224,7.0,18.0,63.927223
grid_25_3,30.0915,31.3105,0.1109,شارع المقريزي,موبيل; صيدلية دكتور سامح; دمشق; مدرسة الطبري اعدادي بنين روكسي; مدرسة الطبري الثانوية بنين روكسي; مدرسة خليفة المؤمون الابتدائي,10,1,0,4,1,3,0,2.219,2225.6,23196.7,1.484,1.484,2.494,0,67.44,6.178721742112515,7.0,5.0,67.33393
grid_25_4,30.0915,31.3135,0.1109,شارع السيد الميرغنى,عيادة دكتور رفيق سليمان; مصر; عربياتا شبراوي; Al-Tabary; بنك قطر الوطنى,6,0,0,1,0,1,2,3.414,1923.8,20051.7,1.292,1.292,2.245,0,64.33,15.433817467524449,7.0,26.0,64.28223
grid_25_5,30.0915,31.3165,0.1109,شارع ابراهيم اللقاني,مكة; مصر; Costa Coffee; عز الدين; مدرسة الكمال الإبتدائية,6,0,0,1,2,2,0,2.914,1894.1,19742.0,1.142,1.142,2.007,0,67.08,6.727882700498477,7.0,3.0,67.128716
grid_25_6,30.0915,31.3195,0.1109,شارع ابراهيم اللقاني,البنك الأهلي; جروبى; بنك مصر; عماد; مجمع اطباء بطرس غالى; عيادة الدكتور طارق مأمون استشاري العيون والرمد,7,0,0,2,1,0,2,3.177,1717.8,17904.3,1.051,1.051,1.783,0,65.1,7.536084565187997,5.0,0.0,65.04826
grid_25_7,30.0915,31.3225,0.1109,شارع الاهرام,بوتيه بالميرا; Coffeeshop Company; عربياتا شبراوي; عربياتا شبراوي; نورمندي; مدرسة القومية,14,0,0,9,1,1,2,2.7,1869.5,19485.7,1.036,1.036,1.581,0,74.15,8.505655660821006,5.0,0.0,74.134445
grid_25_8,30.0915,31.3255,0.1109,شارع الثوره,Tabali Korba,2,0,0,2,0,0,0,3.013,1805.9,18822.6,1.029,1.099,1.409,0,63.53,7.958840450985603,5.0,0.0,63.47478
grid_25_9,30.0915,31.3285,0.1109,شارع كيلوباترا,NEUROMED - Centre de neurochirurgie intégré,2,0,0,0,0,0,0,2.972,2003.5,20881.6,1.008,1.107,1.28,0,60.94,5.298612821429333,5.0,0.0,61.005974
grid_25_10,30.0915,31.3315,0.1109,شارع بيروت,EG BANK البنك المصرى الخليجى فرع بيروت,1,0,0,0,0,0,1,2.599,1893.9,19739.6,0.984,0.984,1.207,3,60.2,3.4225340110468125,3.0,0.0,60.160366
grid_25_11,30.0915,31.3345,0.1109,شارع اسيوط,موبيل; مدرسة العائلة المقدسة,2,0,0,0,0,1,0,1.928,1981.6,20653.5,0.934,0.934,1.202,5,60.11,8.314830902786394,9.0,6.0,60.160824
grid_25_12,30.0915,31.3375,0.1109,شارع عبد السلام فريد,,0,0,0,0,0,0,0,2.336,1931.4,20130.3,0.92,0.938,1.263,6,59.67,7.959772839584197,9.0,6.0,59.65574
grid_25_13,30.0915,31.3405,0.1109,شارع النزهه,ROSSINI; Crédit Agricole; VIKING; ك الجزيره; ك احمد مجدى; Andiamo,6,2,0,3,0,0,1,5.345,1648.6,17182.7,0.837,0.837,1.384,3,65.44,14.469886582205582,7.0,8.0,65.44171
grid_25_14,30.0915,31.3435,0.1109,شارع السيد الميرغنى,مدرسة عمر بن الخطاب الرسمية للغات; ك ابو بكر حسين; ك نصر الاسلام,3,2,0,0,0,1,0,3.137,1386.9,14455.3,0.713,0.713,1.55,1,58.52,4.035771738338295,5.0,0.0,58.519905
grid_25_15,30.0915,31.3465,0.1109,شارع الشهيد كمال الفسخاني,,0,0,0,0,0,0,0,3.574,1013.2,10560.0,0.695,0.695,1.747,1,62.15,13.576519952484343,9.0,2.0,62.198246
grid_25_16,30.0915,31.3495,0.1109,شارع ابو بكر الصديق,مستشفى مصر للطيران; ك الموقف٢; Monoplay,3,1,0,1,0,0,0,0.305,631.8,6584.7,0.79,0.79,1.968,1,54.86,0.7991760500211312,8.0,1.0,54.945225
grid_25_17,30.0915,31.3525,0.1109,Unknown,,0,0,0,0,0,0,0,0.0,373.2,3889.9,0.965,0.965,2.177,1,47.23,0.0,0.0,0.0,47.334885
grid_25_18,30.0915,31.3555,0.1109,Unknown,,0,0,0,0,0,0,0,0.0,264.9,2760.8,1.185,1.185,2.339,0,39.33,0.0,0.0,0.0,39.440884
grid_25_19,30.0915,31.3585,0.1109,Unknown,,0,0,0,0,0,0,0,0.0,154.5,1610.5,1.43,1.43,2.525,0,31.27,0.0,0.0,0.0,31.463364
grid_25_20,30.0915,31.3615,0.1109,Unknown,,0,0,0,0,0,0,0,0.0,185.1,1929.1,1.529,1.529,2.728,0,33.5,0.0,0.0,0.0,33.55492
grid_25_21,30.0915,31.3645,0.1109,Unknown,,0,0,0,0,0,0,0,0.0,297.5,3101.0,1.408,1.408,2.946,0,41.71,0.0,0.0,0.0,41.559143
grid_25_22,30.0915,31.3675,0.1109,Unknown,,0,0,0,0,0,0,0,0.37,278.1,2898.5,1.338,1.338,3.175,0,41.03,0.3928456690927874,1.0,0.0,40.96247
grid_25_23,30.0915,31.3705,0.1109,Unknown,,0,0,0,0,0,0,0,1.164,225.9,2354.9,1.329,1.329,3.413,0,38.81,6.875656798422691,9.0,4.0,38.90431
grid_25_24,30.0915,31.3735,0.1109,شارع المشير احمد اسماعيل,,0,0,0,0,0,0,0,1.901,244.8,2551.3,1.382,1.382,3.659,0,41.66,11.32793373569149,9.0,3.0,41.794662
grid_25_25,30.0915,31.3765,0.1109,شارع الصاعقه,Chillout Sheraton,1,0,0,0,0,0,0,1.4,279.2,2910.3,1.49,1.49,3.91,0,43.17,13.8171884990504,9.0,6.0,42.96887
grid_25_26,30.0915,31.3795,0.1109,طريق النصر,,1,0,0,0,0,0,0,1.792,255.3,2660.6,1.642,1.642,3.988,0,42.21,5.234062883190264,9.0,6.0,42.294495
grid_25_27,30.0915,31.3825,0.1109,طريق النصر,,0,0,0,0,0,0,0,0.366,209.3,2181.2,1.827,1.827,3.956,0,36.0,0.0,0.0,0.0,36.10406
grid_25_28,30.0915,31.3855,0.1109,طريق الكابتن طيار لطفية النادي,The District Food Court,1,0,0,1,0,0,0,0.092,203.5,2120.6,2.037,2.037,3.945,0,36.28,0.0,0.0,0.0,36.089855
grid_25_29,30.0915,31.3885,0.1109,طريق الكابتن طيار لطفية النادي,,0,0,0,0,0,0,0,1.188,193.4,2016.3,2.264,2.264,3.955,0,36.49,6.842725924852408,5.0,0.0,36.56152
grid_25_30,30.0915,31.3915,0.1109,طريق الكابتن طيار لطفية النادي,,0,0,0,0,0,0,0,0.458,192.2,2003.1,2.503,2.503,3.987,0,34.94,3.99357833451832,5.0,0.0,34.62105
grid_25_31,30.0915,31.3945,0.1109,طريق الكابتن طيار لطفية النادي,,0,0,0,0,0,0,0,0.661,184.3,1921.2,2.752,2.752,4.038,0,34.77,0.0,0.0,0.0,34.60967
grid_25_32,30.0915,31.3975,0.1109,طريق الكابتن طيار لطفية النادي,,0,0,0,0,0,0,0,0.936,160.6,1674.0,3.008,3.008,4.109,0,33.59,0.0,0.0,0.0,33.554
grid_25_33,30.0915,31.4005,0.1109,طريق الكابتن طيار لطفية النادي,,0,0,0,0,0,0,0,0.752,145.5,1517.0,3.27,3.27,4.199,0,32.12,0.0,0.0,0.0,32.21518
grid_25_34,30.0915,31.4035,0.1109,طريق الكابتن طيار لطفية النادي,,0,0,0,0,0,0,0,0.839,143.4,1495.0,3.487,3.5,4.307,0,32.14,0.0,0.0,0.0,32.23829
grid_25_35,30.0915,31.4065,0.1109,طريق الكابتن طيار لطفية النادي,,0,0,0,0,0,0,0,0.657,120.9,1260.4,3.687,3.687,4.431,0,30.14,0.0,0.0,0.0,30.00822
grid_25_36,30.0915,31.4095,0.1109,طريق الكابتن طيار لطفية النادي,,0,0,0,0,0,0,0,0.787,98.6,1028.2,3.886,3.886,4.569,0,28.77,0.0,0.0,0.0,28.67142
grid_25_37,30.0915,31.4125,0.1109,طريق الكابتن طيار لطفية النادي,,0,0,0,0,0,0,0,0.157,104.0,1083.8,4.097,4.097,4.721,0,27.9,0.0,0.0,0.0,27.780312
grid_25_38,30.0915,31.4155,0.1109,Unknown,,0,0,0,0,0,0,0,0.0,104.2,1085.5,4.257,4.257,4.886,0,27.6,0.0,0.0,0.0,27.745728
grid_25_39,30.0915,31.4185,0.1109,Unknown,,0,0,0,0,0,0,0,0.0,73.9,769.8,4.42,4.42,5.062,0,25.39,0.0,0.0,0.0,25.33601
grid_26_0,30.0945,31.3015,0.1109,شارع ترعه الجبل,,0,0,0,0,0,0,0,1.857,2150.7,22417.1,2.177,2.177,3.416,0,58.71,6.933567290330076,5.0,0.0,58.706303
grid_26_1,30.0945,31.3045,0.1109,شارع ابن سندر,دكتور محمود ناجي استشاري جراحة العظام و المفاصل,1,0,0,0,0,0,0,4.012,3178.4,33128.5,2.136,2.136,3.161,0,63.02,7.388143276275909,5.0,0.0,62.993492
grid_26_2,30.0945,31.3075,0.1109,محور جسر السويس,مدرسة كلية السلام,1,0,0,0,0,1,0,4.839,4331.2,45144.7,1.923,1.923,2.912,0,65.93,18.576093804782555,7.0,6.0,65.85882
grid_26_3,30.0945,31.3105,0.1109,شارع جسر السويس,مدرسة الطبرى الابتدائية,1,0,0,0,0,1,0,4.198,2888.1,30102.7,1.732,1.732,2.67,0,64.65,10.393312158881262,7.0,13.0,64.641945
grid_26_4,30.0945,31.3135,0.1109,شارع القبه,,0,0,0,0,0,0,0,2.32,1989.3,20734.7,1.571,1.571,2.439,0,59.64,5.641844720830569,6.0,0.0,59.733093
grid_26_5,30.0945,31.3165,0.1109,شارع الحجاز,مصر; رويال; مستشفي القاهرة التخصصى; مصرف ابو ظبى الاسلامى; ع الباب,5,1,0,1,0,0,1,2.678,1659.7,17299.2,1.45,1.45,2.222,0,59.61,10.643683654898265,7.0,15.0,59.647396
grid_26_6,30.0945,31.3195,0.1109,شارع المعهد الاشتراكي,بنك التعمير والاسكان,1,0,0,0,0,0,1,2.697,1621.7,16903.2,1.38,1.38,2.022,0,60.39,4.915789031164039,3.0,0.0,60.36335
grid_26_7,30.0945,31.3225,0.1109,شارع ابراهيم,كو أوب,1,0,0,0,0,0,0,2.881,1712.2,17846.4,1.368,1.368,1.846,0,60.76,5.241337267337569,5.0,0.0,60.621502
grid_26_8,30.0945,31.3255,0.1109,شارع بيروت,شل; بنك عودة; كشك; كشك; مستشفي سانت ريتا,5,2,0,0,0,0,1,2.93,1795.6,18716.1,1.357,1.417,1.701,0,56.86,7.90601405329711,5.0,0.0,56.877544
grid_26_9,30.0945,31.3285,0.1109,شارع عثمان بن عفان,سعد; مدرسة الفرير - مصر الجديدة; مدرسة الفرير عين شمس; مستشفى كيلوباترا,4,0,0,0,1,2,0,3.269,1926.3,20078.1,1.341,1.402,1.596,0,65.29,7.551899151907527,5.0,0.0,65.31765
grid_26_10,30.0945,31.3315,0.1109,شارع عثمان بن عفان,موبيل; Crystal pharmacy; تكنو سكان; مدرسة العبيدية; محمد المنوفي; Capital Hospital,8,0,1,2,1,1,0,2.744,2063.2,21504.7,1.305,1.305,1.538,0,63.49,5.995710749947823,5.0,0.0,63.491776
grid_26_11,30.0945,31.3345,0.1109,شارع الإمام على,صيدلية شاتيلا; سوبرماركت السعيد; مستشفى شاكر; كشك; كشك,5,3,0,0,1,0,0,3.083,1945.3,20276.4,1.268,1.268,1.534,0,56.42,4.566624146941962,3.0,0.0,56.408833
grid_26_12,30.0945,31.3375,0.1109,شارع عمر بن الخطاب,,0,0,0,0,0,0,0,2.782,1808.2,18847.2,1.254,1.272,1.583,0,60.56,5.769865725182751,7.0,4.0,60.620308
grid_26_13,30.0945,31.3405,0.1109,شارع العروبه,,0,0,0,0,0,0,0,3.249,1781.4,18567.1,1.127,1.127,1.681,0,61.5,10.088837344727054,7.0,13.0,61.49389
grid_26_14,30.0945,31.3435,0.1109,شارع النزهه,صيدلية كير,1,0,0,0,1,0,0,1.826,1297.3,13521.8,1.039,1.039,1.819,0,59.9,40.80863089145782,9.0,17.0,59.931828
grid_26_15,30.0945,31.3465,0.1109,شارع السيد الميرغنى,,0,0,0,0,0,0,0,0.066,814.3,8487.7,1.026,1.026,1.991,0,55.13,0.4106550261666503,5.0,0.0,55.106365
grid_26_16,30.0945,31.3495,0.1109,Unknown,,0,0,0,0,0,0,0,0.0,522.1,5442.4,1.093,1.093,2.187,0,55.0,0.0,0.0,0.0,55.002075
grid_26_17,30.0945,31.3525,0.1109,Unknown,,0,0,0,0,0,0,0,0.0,345.6,3602.6,1.225,1.225,2.401,0,45.22,0.0,0.0,0.0,45.270065
grid_26_18,30.0945,31.3555,0.1109,Unknown,,0,0,0,0,0,0,0,0.0,193.7,2019.0,1.405,1.405,2.613,0,34.13,0.0,0.0,0.0,33.83508
grid_26_19,30.0945,31.3585,0.1109,Unknown,,0,0,0,0,0,0,0,0.0,158.3,1649.7,1.445,1.445,2.78,0,31.55,0.0,0.0,0.0,31.50457
grid_26_20,30.0945,31.3615,0.1109,Unknown,,0,0,0,0,0,0,0,0.0,169.8,1770.1,1.251,1.251,2.966,0,32.39,0.0,0.0,0.0,32.564823
grid_26_21,30.0945,31.3645,0.1109,Unknown,,0,0,0,0,0,0,0,0.0,234.4,2443.2,1.099,1.099,3.167,0,37.1,0.0,0.0,0.0,37.261593
grid_26_22,30.0945,31.3675,0.1109,Unknown,,0,0,0,0,0,0,0,0.0,235.4,2453.6,1.009,1.009,3.381,0,37.18,0.0,0.0,0.0,36.93144
grid_26_23,30.0945,31.3705,0.1109,شارع المشير احمد اسماعيل,,0,0,0,0,0,0,0,0.944,218.7,2279.3,0.997,0.997,3.606,1,37.84,3.1237953479204426,5.0,0.0,38.302277
grid_26_24,30.0945,31.3735,0.1109,شارع المشير احمد اسماعيل,الاكاديمية البحرية شيراتون,1,0,0,0,0,1,0,3.539,258.5,2694.8,1.066,1.066,3.839,0,47.19,6.433193848278932,5.0,0.0,47.1644
grid_26_25,30.0945,31.3765,0.1109,شارع الشهيد سيد زكريا خليل,,2,0,0,0,0,0,2,3.476,252.5,2632.0,1.203,1.203,4.079,0,45.38,8.43280716306937,5.0,0.0,45.46854
grid_26_26,30.0945,31.3795,0.1109,شارع الملتقى العربى,,0,0,0,0,0,0,0,3.083,256.9,2678.1,1.387,1.387,4.318,0,44.91,6.994952023227519,5.0,0.0,45.01623
grid_26_27,30.0945,31.3825,0.1109,طريق النصر,مركز طبي مساكن شيراتون,1,0,0,0,0,0,0,1.872,311.5,3246.7,1.602,1.602,4.289,0,46.47,6.846218956017218,7.0,2.0,46.59154
grid_26_28,30.0945,31.3855,0.1109,طريق الكابتن طيار لطفية النادي,,0,0,0,0,0,0,0,1.083,241.0,2512.0,1.837,1.837,4.279,0,39.75,1.5432097265089089,5.0,0.0,39.653744
grid_26_29,30.0945,31.3885,0.1109,Unknown,,0,0,0,0,0,0,0,0.0,189.8,1978.7,2.086,2.086,4.288,0,33.85,0.0,0.0,0.0,33.82241
grid_26_30,30.0945,31.3915,0.1109,Unknown,,0,0,0,0,0,0,0,0.0,152.7,1591.1,2.344,2.344,4.317,0,31.14,0.0,0.0,0.0,31.174755
grid_26_31,30.0945,31.3945,0.1109,Unknown,,0,0,0,0,0,0,0,0.0,128.8,1342.2,2.608,2.608,4.365,0,29.4,0.0,0.0,0.0,29.30086
grid_26_32,30.0945,31.3975,0.1109,Unknown,,0,0,0,0,0,0,0,0.0,113.0,1178.0,2.877,2.877,4.431,0,28.25,0.0,0.0,0.0,28.121714
grid_26_33,30.0945,31.4005,0.1109,Unknown,,0,0,0,0,0,0,0,0.0,114.0,1187.8,3.149,3.149,4.514,0,28.31,0.0,0.0,0.0,28.357782
grid_26_34,30.0945,31.4035,0.1109,Unknown,,0,0,0,0,0,0,0,0.0,110.6,1153.1,3.425,3.425,4.614,0,28.07,0.0,0.0,0.0,28.083277
grid_26_35,30.0945,31.4065,0.1109,Unknown,,0,0,0,0,0,0,0,0.0,105.1,1095.6,3.702,3.702,4.73,0,27.67,0.0,0.0,0.0,27.712772
grid_26_36,30.0945,31.4095,0.1109,Unknown,,0,0,0,0,0,0,0,0.0,88.2,919.1,3.981,3.981,4.86,0,26.43,0.0,0.0,0.0,26.402058
grid_26_37,30.0945,31.4125,0.1109,Unknown,,0,0,0,0,0,0,0,0.0,78.3,815.7,4.261,4.261,5.003,0,25.71,0.0,0.0,0.0,25.666815
grid_26_38,30.0945,31.4155,0.1109,Unknown,,0,0,0,0,0,0,0,0.0,66.9,697.4,4.534,4.534,5.159,0,24.88,0.0,0.0,0.0,24.843578
grid_26_39,30.0945,31.4185,0.1109,Unknown,,0,0,0,0,0,0,0,0.0,56.8,592.3,4.694,4.694,5.326,0,24.15,0.0,0.0,0.0,24.224815
grid_27_0,30.0975,31.3015,0.1109,Unknown,,0,0,0,0,0,0,0,0.0,2027.2,21130.7,2.511,2.511,3.578,0,55.0,3.647627721617405,5.0,0.0,55.00564
grid_27_1,30.0975,31.3045,0.1109,شارع ترعه الجبل,,0,0,0,0,0,0,0,2.736,3340.2,34815.9,2.364,2.364,3.335,0,60.47,8.411421946126108,5.0,0.0,60.47962
grid_27_2,30.0975,31.3075,0.1109,شارع احمد سمير الصاوي,عيادة الدكتور سامح السيد سالم; مدرسة القبة الثانوية - بنات; أباتشي تشكن; ستاربكس; باسطاويسي; عز المنوفي,11,1,0,8,0,1,0,2.719,4261.6,44419.9,2.173,2.173,3.1,0,69.69,5.85434820967292,5.0,0.0,69.72336
grid_27_3,30.0975,31.3105,0.1109,شارع قصر الطاهره,Al-Khalifa Al-Maamoun Secondary School,1,0,0,0,0,1,0,3.385,4185.4,43626.5,2.006,2.006,2.874,0,63.02,7.26097696333567,7.0,3.0,62.927757
grid_27_4,30.0975,31.3135,0.1109,شارع جسر السويس,ستاربكس,1,0,0,1,0,0,0,4.11,2649.3,27614.9,1.868,1.868,2.661,0,64.47,9.297252534109491,7.0,12.0,64.43035
grid_27_5,30.0975,31.3165,0.1109,شارع نهرو,شواية الميرلاند,3,0,0,3,0,0,0,2.22,1389.1,14479.1,1.768,1.768,2.463,0,63.19,1.4050976515123756,1.0,0.0,63.202156
grid_27_6,30.0975,31.3195,0.1109,شارع الحجاز,ماكدونالدز; البنك المصرى لتنمية الصادرات; الحجاز إكسبرس; االمنتزة السياحي لشركة مصر الجديدة للاسكان والتعمير; مطعم ومقهى اكسبريسو; ميتشو كافيه,13,1,0,10,0,0,2,1.201,1652.1,17221.0,1.711,1.711,2.285,0,67.9,7.127789475018852,7.0,3.0,68.07634
grid_27_7,30.0975,31.3225,0.1109,شارع الحجاز,القلب المقدس; عيادات ايجيبت ميديكال التخصصية; ك ابو زيد; ك نجمة روكسي,5,2,0,0,0,2,0,1.972,1844.4,19225.1,1.701,1.701,2.131,0,57.44,6.844710590295962,7.0,6.0,57.445732
grid_27_8,30.0975,31.3255,0.1109,شارع اسماعيل رمزى,بي أن بي باريبا; أن أس جي بي,2,0,0,0,0,0,2,3.028,2115.4,22049.5,1.687,1.74,2.007,0,61.06,4.933212030605271,3.0,0.0,61.01731
grid_27_9,30.0975,31.3285,0.1109,شارع المنصوره,مجمع جمال الدين الافغاني; مدرسة التوفيقية الحديثة الخاصة; مستشفي جمال الدين الافغاني,3,0,0,0,0,1,0,3.345,1943.9,20262.3,1.674,1.71,1.918,0,62.94,4.809446242283887,3.0,0.0,63.05749
grid_27_10,30.0975,31.3315,0.1109,شارع الإمام على,مستش; مدرسة نوتردام; مدرسة نوتردام ديزابوتر,3,0,0,0,0,2,0,3.09,1933.1,20149.6,1.631,1.631,1.87,0,63.68,4.41971862647821,3.0,0.0,63.598316
grid_27_11,30.0975,31.3345,0.1109,شارع عمر بن الخطاب,سوبرماركت جمجوم; كشك زهير عبد العاطى,3,2,0,0,0,0,0,3.384,1738.6,18122.4,1.601,1.601,1.867,0,57.77,7.396921834484304,5.0,0.0,57.799038
grid_27_12,30.0975,31.3375,0.1109,شارع ابو بكر الصديق,مصر; دجاج كنتاكي; ماكدونالد; صيدلية على ايمدج; نجمة سفير; Down The Bridge Cafe,6,1,0,3,1,0,0,4.647,1691.4,17630.4,1.557,1.557,1.907,0,67.29,18.6260161473859,7.0,10.0,67.277016
grid_27_13,30.0975,31.3405,0.1109,شارع ابو بكر الصديق,HSBC; ك مملكة الجبل,2,1,0,0,0,0,1,3.325,1379.7,14381.0,1.437,1.437,1.989,0,59.65,8.289874123182159,7.0,7.0,59.554417
grid_27_14,30.0975,31.3435,0.1109,شارع النزهه,أبو مازن; ليسبه الحرية; oscar pet shop; ليسبه الحرية,6,2,0,1,0,3,0,3.068,833.6,8689.0,1.368,1.368,2.107,0,62.14,9.930654707830463,8.0,6.0,62.115612
grid_27_15,30.0975,31.3465,0.1109,شارع نخله المطيعي,,0,0,0,0,0,0,0,0.996,711.1,7412.1,1.359,1.359,2.257,0,56.99,4.510089465767542,9.0,5.0,56.90315
grid_27_16,30.0975,31.3495,0.1109,شارع الامل,,0,0,0,0,0,0,0,0.026,595.2,6204.2,1.409,1.409,2.432,0,55.05,0.5120676638561752,9.0,1.0,54.99972
grid_27_17,30.0975,31.3525,0.1109,Unknown,,0,0,0,0,0,0,0,0.0,422.1,4399.2,1.515,1.515,2.626,0,50.79,0.0,0.0,0.0,50.751564
grid_27_18,30.0975,31.3555,0.1109,Unknown,,0,0,0,0,0,0,0,0.0,228.8,2385.2,1.493,1.493,2.837,0,36.7,0.0,0.0,0.0,36.86568
grid_27_19,30.0975,31.3585,0.1109,Unknown,,0,0,0,0,0,0,0,0.0,216.5,2256.9,1.24,1.24,3.05,0,35.8,0.0,0.0,0.0,35.77116
grid_27_20,30.0975,31.3615,0.1109,Unknown,,0,0,0,0,0,0,0,0.0,177.8,1853.7,1.007,1.007,3.22,0,32.98,0.0,0.0,0.0,32.803864
grid_27_21,30.0975,31.3645,0.1109,Unknown,,0,0,0,0,0,0,0,0.0,212.8,2218.1,0.811,0.811,3.407,1,35.53,0.0,0.0,0.0,35.428314
grid_27_22,30.0975,31.3675,0.1109,Unknown,,0,0,0,0,0,0,0,0.0,206.1,2148.1,0.684,0.684,3.607,1,35.04,0.0,0.0,0.0,35.077766
grid_27_23,30.0975,31.3705,0.1109,شارع المشير احمد اسماعيل,,0,0,0,0,0,0,0,2.279,316.0,3293.8,0.666,0.666,3.818,1,47.61,5.127254039482276,5.0,0.0,47.58302
grid_27_24,30.0975,31.3735,0.1109,شارع مركز المعلومات,,0,0,0,0,0,0,0,2.008,309.8,3229.3,0.766,0.766,4.039,1,46.62,3.606653515662808,1.0,0.0,46.99359
grid_27_25,30.0975,31.3765,0.1109,شارع الشهيد سيد زكريا خليل,الاكاديمية البحرية شيراتون,1,0,0,0,0,1,0,3.493,274.1,2857.1,0.947,0.947,4.268,1,48.24,4.502560403062535,3.0,0.0,48.09839
grid_27_26,30.0975,31.3795,0.1109,شارع الموسيقار محمد الموجى,,0,0,0,0,0,0,0,2.343,331.1,3451.6,1.171,1.171,4.504,0,48.85,4.416977684883994,3.0,0.0,48.780373
grid_27_27,30.0975,31.3825,0.1109,شارع عبد الحميد بدوى,محطة بنزين موبيل; نجمة هليوبولس جمال سلامة,2,1,0,0,0,0,0,2.97,329.9,3438.4,1.419,1.419,4.622,0,48.01,9.96666689608067,7.0,3.0,48.059418
grid_27_28,30.0975,31.3855,0.1109,طريق الكابتن طيار لطفية النادي,,0,0,0,0,0,0,0,1.826,236.2,2461.7,1.68,1.68,4.612,0,40.88,6.869909699190928,7.0,1.0,40.901703
grid_27_29,30.0975,31.3885,0.1109,Unknown,,0,0,0,0,0,0,0,0.0,202.9,2114.8,1.949,1.949,4.621,0,34.8,0.0,0.0,0.0,34.871773
grid_27_30,30.0975,31.3915,0.1109,Unknown,,0,0,0,0,0,0,0,0.0,151.0,1573.7,2.223,2.223,4.648,0,31.02,0.0,0.0,0.0,31.172796
grid_27_31,30.0975,31.3945,0.1109,Unknown,,0,0,0,0,0,0,0,0.0,117.7,1226.4,2.5,2.5,4.692,0,28.58,0.0,0.0,0.0,28.645876
grid_27_32,30.0975,31.3975,0.1109,Unknown,,0,0,0,0,0,0,0,0.0,98.8,1030.0,2.78,2.78,4.754,0,27.21,0.0,0.0,0.0,27.447115
grid_27_33,30.0975,31.4005,0.1109,Unknown,,0,0,0,0,0,0,0,0.0,87.0,906.8,3.061,3.061,4.832,0,26.35,0.0,0.0,0.0,26.31733
grid_27_34,30.0975,31.4035,0.1109,Unknown,,0,0,0,0,0,0,0,0.0,83.3,867.8,3.343,3.343,4.925,0,26.07,0.0,0.0,0.0,26.056953
grid_27_35,30.0975,31.4065,0.1109,Unknown,,0,0,0,0,0,0,0,0.0,80.1,834.7,3.627,3.627,5.034,0,25.84,0.0,0.0,0.0,26.056953
grid_27_36,30.0975,31.4095,0.1109,Unknown,,0,0,0,0,0,0,0,0.0,66.9,696.9,3.911,3.911,5.156,0,24.88,0.0,0.0,0.0,24.880669
grid_27_37,30.0975,31.4125,0.1109,Unknown,,0,0,0,0,0,0,0,0.0,59.2,616.8,4.196,4.196,5.292,0,24.32,0.0,0.0,0.0,24.233963
grid_27_38,30.0975,31.4155,0.1109,Unknown,,0,0,0,0,0,0,0,0.0,49.1,511.4,4.481,4.481,5.439,0,23.58,0.0,0.0,0.0,23.758944
grid_27_39,30.0975,31.4185,0.1109,Unknown,,0,0,0,0,0,0,0,0.0,47.5,494.7,4.766,4.766,5.597,0,23.46,0.0,0.0,0.0,23.4586
grid_28_0,30.1005,31.3015,0.1109,شارع القصر الجمهوري,,0,0,0,0,0,0,0,1.298,2453.1,25570.4,2.671,2.671,3.763,0,57.6,2.228177058240606,5.0,0.0,57.55476
grid_28_1,30.1005,31.3045,0.1109,كوبري الطاهره,,0,0,0,0,0,0,0,2.736,3897.2,40623.6,2.614,2.614,3.532,0,60.47,5.210999279263694,5.0,0.0,60.52959
grid_28_2,30.1005,31.3075,0.1109,كوبري الطاهره,مدرسة سراى القبة الاعدادية بنات,1,0,0,0,0,1,0,3.722,4356.9,45414.9,2.443,2.443,3.311,0,63.69,12.411909930529315,5.0,0.0,63.737747
grid_28_3,30.1005,31.3105,0.1109,شارع مصطفي باشا,سوبر ماركت الطاهرة; مدرسة الجمهورية الابتدائية,2,1,0,0,0,1,0,3.215,4672.3,48702.8,2.295,2.295,3.101,0,60.68,5.386197776803057,5.0,0.0,60.5367
grid_28_4,30.1005,31.3135,0.1109,شارع العزيز بالله,,0,0,0,0,0,0,0,2.914,4330.9,45143.5,2.176,2.176,2.904,0,60.83,6.617741798268796,5.0,0.0,60.81242
grid_28_5,30.1005,31.3165,0.1109,شارع جسر السويس,صيدلية الاسكندرية,2,0,0,0,1,0,0,2.963,3617.0,37702.4,2.091,2.091,2.724,0,62.18,9.761261766230245,7.0,7.0,62.27904
grid_28_6,30.1005,31.3195,0.1109,شارع نهرو,مصر; بنك الاسكان والتعمير,2,0,0,0,0,0,1,2.712,2085.8,21741.6,2.042,2.042,2.564,0,60.42,2.8847065431961427,7.0,2.0,60.573097
grid_28_7,30.1005,31.3225,0.1109,شارع شهاب الدين خفاجه,مصر,2,0,0,0,0,0,0,2.552,2217.4,23113.5,2.035,2.035,2.428,0,60.1,4.870936937890685,7.0,4.0,60.080593
grid_28_8,30.1005,31.3255,0.1109,شارع الحجاز,,0,0,0,0,0,0,0,2.848,2164.1,22557.7,2.018,2.067,2.32,0,60.7,8.631665149071049,7.0,9.0,60.70004
grid_28_9,30.1005,31.3285,0.1109,شارع اسوان,,0,0,0,0,0,0,0,3.52,2069.9,21576.2,2.007,2.025,2.243,0,62.04,4.424232866405826,1.0,0.0,62.043076
grid_28_10,30.1005,31.3315,0.1109,شارع هارون الرشيد,صيدلية ولاء زيادة,1,0,0,0,1,0,0,3.959,1848.7,19270.4,1.96,1.96,2.203,0,64.17,7.578214926638445,7.0,7.0,64.14981
grid_28_11,30.1005,31.3345,0.1109,شارع ابو بكر الصديق,Il Pennello Ceramic Café,1,0,0,1,0,0,0,2.264,1401.6,14609.7,1.935,1.935,2.2,0,60.78,9.31078193545805,7.0,9.0,60.861507
grid_28_12,30.1005,31.3375,0.1109,شارع نخله المطيعى,,0,0,0,0,0,0,0,2.854,1176.0,12258.5,1.854,1.854,2.234,0,60.71,4.542595352375293,7.0,1.0,60.583652
grid_28_13,30.1005,31.3405,0.1109,شارع نخله المطيعى,بنك فيصل الأسلامي; نجمة تريومف الجديده,2,1,0,0,0,0,1,3.234,1012.2,10550.4,1.755,1.755,2.304,0,59.47,6.270955722042293,5.0,0.0,59.455894
grid_28_14,30.1005,31.3435,0.1109,شارع النزهه,Buffalo Burger; CIB - Commercial International Bank; اولاد الحاج على حسن; البنك الاهلي المصري تريومف; مطعم رأفت,8,2,0,2,0,0,2,4.093,1005.7,10482.8,1.699,1.699,2.407,0,61.69,10.677842968953213,7.0,9.0,61.677956
grid_28_15,30.1005,31.3465,0.1109,شارع احمد فهيم بيومى,,2,0,0,0,0,1,0,3.668,892.5,9303.6,1.691,1.691,2.539,0,63.59,5.630758701793131,7.0,3.0,63.567204
grid_28_16,30.1005,31.3495,0.1109,شارع عبد العزيز فهمى,مركز عيون د. حسين شاكر المرقبي; مستشفی الجلاء العسكري,2,0,0,0,0,0,0,1.533,681.4,7102.8,1.733,1.733,2.696,0,58.07,13.282342378828094,9.0,3.0,57.991043
grid_28_17,30.1005,31.3525,0.1109,شارع الجلاء,,0,0,0,0,0,0,0,0.785,597.5,6228.2,1.66,1.66,2.873,0,56.57,7.321129482066301,9.0,2.0,56.663975
grid_28_18,30.1005,31.3555,0.1109,شارع الزهور,,0,0,0,0,0,0,0,0.378,464.5,4842.0,1.379,1.379,3.067,0,54.65,1.4023575717113532,1.0,0.0,54.833458
grid_28_19,30.1005,31.3585,0.1109,شارع الزهور,,0,0,0,0,0,0,0,0.457,337.2,3515.2,1.1,1.1,3.275,0,45.52,0.0,0.0,0.0,45.480038
grid_28_20,30.1005,31.3615,0.1109,Unknown,,0,0,0,0,0,0,0,0.0,240.6,2507.7,0.829,0.829,3.488,1,37.55,0.0,0.0,0.0,37.657715
grid_28_21,30.1005,31.3645,0.1109,Unknown,,0,0,0,0,0,0,0,0.0,269.3,2806.6,0.575,0.575,3.661,1,39.65,0.0,0.0,0.0,39.687878
grid_28_22,30.1005,31.3675,0.1109,شارع كمال حسن على,,0,0,0,0,0,0,0,1.067,374.0,3898.2,0.374,0.374,3.848,1,49.42,2.078503043528239,5.0,0.0,49.315903
grid_28_23,30.1005,31.3705,0.1109,شارع المشير احمد اسماعيل,,0,0,0,0,0,0,0,3.554,483.0,5034.4,0.341,0.341,4.047,1,62.11,5.190904880707108,5.0,0.0,61.92919
grid_28_24,30.1005,31.3735,0.1109,شارع عمر بن الخطاب,مستشفى النزهة الدولي,2,0,0,0,0,1,0,2.933,457.9,4772.5,0.509,0.509,4.256,1,60.52,4.990740632705074,3.0,0.0,60.5257
grid_28_25,30.1005,31.3765,0.1109,شارع مصطفى رفعت,Coffeeshop Company; HSBC; Futures tech,3,0,0,1,0,0,1,4.342,388.1,4045.6,0.754,0.754,4.473,1,58.25,5.571869508971547,3.0,0.0,58.223724
grid_28_26,30.1005,31.3795,0.1109,شارع مسجد عباد الرحمن,,0,0,0,0,0,0,0,2.602,416.9,4345.4,1.022,1.022,4.699,0,55.62,4.21058706399519,1.0,0.0,55.590572
grid_28_27,30.1005,31.3825,0.1109,شارع عبد الحميد بدوى,,0,0,0,0,0,0,0,3.471,321.0,3346.0,1.299,1.299,4.931,0,50.36,7.452773941601468,7.0,2.0,50.05669
grid_28_28,30.1005,31.3855,0.1109,طريق النصر,,1,0,0,0,0,0,0,2.672,309.0,3221.2,1.58,1.58,4.946,0,47.89,13.297238578137184,7.0,1.0,47.818016
grid_28_29,30.1005,31.3885,0.1109,طريق الكابتن طيار لطفية النادي,,0,0,0,0,0,0,0,0.522,293.2,3056.5,1.863,1.863,4.954,0,42.44,0.0,0.0,0.0,42.57261
grid_28_30,30.1005,31.3915,0.1109,Unknown,,0,0,0,0,0,0,0,0.0,243.0,2533.2,2.148,2.148,4.979,0,37.73,0.0,0.0,0.0,37.6813
grid_28_31,30.1005,31.3945,0.1109,Unknown,,0,0,0,0,0,0,0,0.0,153.0,1594.3,2.434,2.434,5.02,0,31.16,0.0,0.0,0.0,31.190592
grid_28_32,30.1005,31.3975,0.1109,Unknown,,0,0,0,0,0,0,0,0.0,137.2,1430.4,2.72,2.72,5.078,0,30.01,0.0,0.0,0.0,29.712646
grid_28_33,30.1005,31.4005,0.1109,Unknown,,0,0,0,0,0,0,0,0.0,113.1,1178.4,3.007,3.007,5.151,0,28.25,0.0,0.0,0.0,28.3456
grid_28_34,30.1005,31.4035,0.1109,Unknown,,0,0,0,0,0,0,0,0.0,98.6,1027.6,3.294,3.294,5.239,0,27.19,0.0,0.0,0.0,26.874193
grid_28_35,30.1005,31.4065,0.1109,Unknown,,0,0,0,0,0,0,0,0.0,86.2,898.7,3.581,3.581,5.341,0,26.29,0.0,0.0,0.0,26.324644
grid_28_36,30.1005,31.4095,0.1109,Unknown,,0,0,0,0,0,0,0,0.0,75.2,784.2,3.869,3.869,5.457,0,25.49,0.0,0.0,0.0,25.333685
grid_28_37,30.1005,31.4125,0.1109,Unknown,,0,0,0,0,0,0,0,0.0,66.2,690.3,4.156,4.156,5.585,0,24.83,0.0,0.0,0.0,24.860285
grid_28_38,30.1005,31.4155,0.1109,Unknown,,0,0,0,0,0,0,0,0.0,58.2,607.1,4.444,4.444,5.724,0,24.25,0.0,0.0,0.0,24.209787
grid_28_39,30.1005,31.4185,0.1109,Unknown,,0,0,0,0,0,0,0,0.0,48.5,505.2,4.732,4.732,5.875,0,23.54,0.0,0.0,0.0,23.534767
grid_29_0,30.1035,31.3015,0.1109,شارع السواح,محطة بنزين موبيل; محطة غاز طبيعي سيارات; بنك مصر فرع السواح,3,0,0,0,0,0,1,2.09,4343.0,45271.0,2.338,2.338,3.967,0,59.18,7.499236226411659,5.0,0.0,59.206215
grid_29_1,30.1035,31.3045,0.1109,شارع احمد موسى,,0,0,0,0,0,0,0,2.115,4579.8,47739.9,2.334,2.334,3.749,0,59.23,3.615856410137941,5.0,0.0,59.203762
grid_29_2,30.1035,31.3075,0.1109,شارع محطة الزيتون,الباشا,1,1,0,0,0,0,0,4.198,5746.4,59900.6,2.365,2.365,3.541,0,61.4,12.619595879380546,5.0,0.0,61.545715
grid_29_3,30.1035,31.3105,0.1109,شارع العزيز بالله,مدرسة العزيز بالله الابتدائية; مدرسة الجامعة الاسلامية الاعدادية,2,0,0,0,0,2,0,3.398,5956.2,62087.6,2.431,2.431,3.346,0,64.3,8.225198975853637,5.0,0.0,64.28202
grid_29_4,30.1035,31.3135,0.1109,شارع الليث,مدرسة مارمرقس; مستشفى الاقباط,2,0,0,0,0,1,0,3.349,5523.3,57574.7,2.491,2.491,3.164,0,62.95,5.47444367137133,3.0,0.0,62.930965
grid_29_5,30.1035,31.3165,0.1109,شارع نصوح باشا,al batol; مستشفى العذراء الخيرى,2,1,0,0,0,0,0,3.426,5217.8,54390.4,2.416,2.416,3.0,0,59.85,5.354320555236275,3.0,0.0,59.817356
grid_29_6,30.1035,31.3195,0.1109,شارع جسر السويس,GreenHouse Compact,1,1,0,0,0,0,0,3.785,4487.5,46777.7,2.375,2.375,2.855,0,60.57,8.711117522565772,7.0,10.0,60.58628
grid_29_7,30.1035,31.3225,0.1109,شارع جسر السويس,,0,0,0,0,0,0,0,4.172,3023.4,31516.1,2.368,2.368,2.733,0,63.34,7.312923003225916,7.0,9.0,63.32551
grid_29_8,30.1035,31.3255,0.1109,شارع أباظة,مركز الدكتور محمد حامد للعيون,1,0,0,0,0,0,0,2.668,2028.9,21149.7,2.35,2.396,2.638,0,60.34,7.018054861158434,7.0,3.0,60.36739
grid_29_9,30.1035,31.3285,0.1109,شارع ابو بكر الصديق,HSBC BANK فرع الحجاز; صيدلية حراء,2,0,0,0,1,0,1,5.105,1728.7,18019.5,2.341,2.346,2.571,0,66.46,23.39520745340696,7.0,17.0,66.32556
grid_29_10,30.1035,31.3315,0.1109,شارع ابو بكر الصديق,مستشفي بتروجاس - قطاع البترول; صيدليه المحكمة; مدرسة النصر,3,0,0,0,1,1,0,3.443,1253.0,13061.2,2.29,2.29,2.535,0,64.39,6.931170128721978,7.0,7.0,64.42348
grid_29_11,30.1035,31.3345,0.1109,شارع هارون الرشيد,مستشفي بتروجاس,2,0,0,1,0,0,0,2.364,926.9,9662.5,2.268,2.268,2.533,0,60.98,3.3982442154869377,3.0,0.0,60.893005
grid_29_12,30.1035,31.3375,0.1109,شارع هارون الرشيد,مستشفي الدعاة,1,0,0,0,0,0,0,0.986,1025.8,10693.0,2.162,2.162,2.563,0,56.97,1.9654217131604736,3.0,0.0,56.977875
grid_29_13,30.1035,31.3405,0.1109,شارع مصطفى صديق الرافعى,,0,0,0,0,0,0,0,3.532,1051.1,10956.2,2.078,2.078,2.624,0,62.06,5.291949247817186,3.0,0.0,62.102936
grid_29_14,30.1035,31.3435,0.1109,شارع عبد العزيز اسماعيل,بنك مصر,1,0,0,0,0,0,1,3.913,1065.7,11109.3,2.031,2.031,2.715,0,62.83,7.523115604091034,5.0,0.0,62.735435
grid_29_15,30.1035,31.3465,0.1109,شارع عبد العزيز فهمى,,0,0,0,0,0,0,0,2.549,1056.9,11016.7,2.025,2.025,2.833,0,60.1,6.944775647543678,7.0,5.0,60.142742
grid_29_16,30.1035,31.3495,0.1109,شارع احمد فهيم بيومى,DUO; Hot Bite; Cilantro sun mall; عياده بيرفيكت دينتال,4,0,0,3,0,0,0,2.374,820.6,8554.3,1.917,1.917,2.974,0,63.5,5.361202393417666,7.0,5.0,63.461475
grid_29_17,30.1035,31.3525,0.1109,Unknown,,0,0,0,0,0,0,0,0.0,755.2,7871.8,1.628,1.628,3.135,0,55.0,0.0,0.0,0.0,55.035103
grid_29_18,30.1035,31.3555,0.1109,شارع الجلاء,,0,0,0,0,0,0,0,1.415,607.2,6329.8,1.34,1.34,3.314,0,57.83,4.713264878937324,9.0,3.0,57.802814
grid_29_19,30.1035,31.3585,0.1109,شارع الجلاء,,0,0,0,0,0,0,0,1.11,498.5,5196.0,1.051,1.051,3.507,0,57.22,6.437744619000259,9.0,4.0,57.212563
grid_29_20,30.1035,31.3615,0.1109,شارع المشير احمد اسماعيل,,0,0,0,0,0,0,0,0.226,402.6,4196.3,0.763,0.763,3.713,1,49.83,0.0,0.0,0.0,49.936882
grid_29_21,30.1035,31.3645,0.1109,شارع المشير احمد اسماعيل,,0,0,0,0,0,0,0,1.818,511.9,5336.6,0.474,0.474,3.927,1,58.64,3.164241398757717,5.0,0.0,58.62256
grid_29_22,30.1035,31.3675,0.1109,شارع الحسن,,0,0,0,0,0,0,0,3.093,579.1,6036.5,0.186,0.186,4.102,1,61.19,8.272517990262454,5.0,0.0,61.174026
grid_29_23,30.1035,31.3705,0.1109,شارع كمال حسن على,ألا جراند; اكسبريس شيراتون; بدر ماركت; مطعم الشبراوي,4,2,0,2,0,0,0,3.324,651.6,6792.3,0.104,0.104,4.289,1,60.15,4.817960482779775,3.0,0.0,60.188416
grid_29_24,30.1035,31.3735,0.1109,شارع الشهيد سيد زكريا خليل,,0,0,0,0,0,0,0,2.962,718.4,7489.1,0.392,0.392,4.487,1,60.92,4.064196198217292,3.0,0.0,60.92613
grid_29_25,30.1035,31.3765,0.1109,شارع خالد بن الوليد,Saudi Market; CAE BANK بنك كريدي اجريكول فرع شيراتون; American Hospotal; مطعم اورمة فهمي,4,1,0,1,0,0,1,2.423,737.7,7689.9,0.68,0.68,4.694,1,59.1,6.903933597323172,3.0,0.0,59.1285
grid_29_26,30.1035,31.3795,0.1109,شارع عبد الحميد بدوى,,0,0,0,0,0,0,0,4.39,552.7,5760.9,0.969,0.969,4.909,1,63.78,9.626248336608333,7.0,8.0,63.810303
grid_29_27,30.1035,31.3825,0.1109,شارع عبد الحميد بدوى,,0,0,0,0,0,0,0,3.924,499.0,5201.5,1.258,1.258,5.132,0,62.85,19.398597153579807,7.0,1.0,62.851036
grid_29_28,30.1035,31.3855,0.1109,شارع مربع 1258,Carrefour; McDonald's; Green island; سن سيتي مول,4,1,0,2,0,0,0,2.54,416.6,4342.7,1.546,1.546,5.28,0,55.98,10.691753466949008,5.0,0.0,55.844555
grid_29_29,30.1035,31.3885,0.1109,طريق الكابتن طيار لطفية النادي,,0,0,0,0,0,0,0,1.944,295.8,3082.9,1.835,1.835,5.287,0,45.47,1.1224788417808549,7.0,2.0,45.263573
grid_29_30,30.1035,31.3915,0.1109,Unknown,,0,0,0,0,0,0,0,0.0,281.1,2930.1,2.123,2.123,5.311,0,40.51,0.0,0.0,0.0,40.60662
grid_29_31,30.1035,31.3945,0.1109,Unknown,,0,0,0,0,0,0,0,0.0,241.9,2521.3,2.412,2.412,5.349,0,37.65,0.0,0.0,0.0,37.65874
grid_29_32,30.1035,31.3975,0.1109,Unknown,,0,0,0,0,0,0,0,0.0,206.2,2149.4,2.701,2.701,5.403,0,35.05,0.0,0.0,0.0,34.908615
grid_29_33,30.1035,31.4005,0.1109,Unknown,,0,0,0,0,0,0,0,0.0,165.8,1728.2,2.989,2.989,5.472,0,32.1,0.0,0.0,0.0,32.230835
grid_29_34,30.1035,31.4035,0.1109,Unknown,,0,0,0,0,0,0,0,0.0,126.3,1316.7,3.278,3.278,5.555,0,29.22,0.0,0.0,0.0,29.667948
grid_29_35,30.1035,31.4065,0.1109,Unknown,,0,0,0,0,0,0,0,0.0,111.2,1159.4,3.566,3.566,5.651,0,28.12,0.0,0.0,0.0,28.107662
grid_29_36,30.1035,31.4095,0.1109,Unknown,,0,0,0,0,0,0,0,0.0,91.0,948.3,3.855,3.855,5.761,0,26.64,0.0,0.0,0.0,26.731647
grid_29_37,30.1035,31.4125,0.1109,Unknown,,0,0,0,0,0,0,0,0.0,76.4,796.1,4.143,4.143,5.882,0,25.57,0.0,0.0,0.0,25.67777
grid_29_38,30.1035,31.4155,0.1109,Unknown,,0,0,0,0,0,0,0,0.0,66.5,693.5,4.432,4.432,6.015,0,24.85,0.0,0.0,0.0,24.825727
grid_29_39,30.1035,31.4185,0.1109,Unknown,,0,0,0,0,0,0,0,0.0,55.3,576.4,4.721,4.721,6.159,0,24.03,0.0,0.0,0.0,23.968306
grid_30_0,30.1065,31.3015,0.1109,شارع المطريه,,0,0,0,0,0,0,0,1.879,5859.3,61079.0,2.006,2.006,4.187,0,58.76,7.064660389939084,5.0,0.0,58.799686
grid_30_1,30.1065,31.3045,0.1109,شارع فكري السعيد,,0,0,0,0,0,0,0,2.425,6263.3,65290.2,2.001,2.001,3.981,0,59.85,3.533790226083239,5.0,0.0,59.847523
grid_30_2,30.1065,31.3075,0.1109,شارع عبد الرحمن نصر,,0,0,0,0,0,0,0,4.18,6980.6,72768.2,2.037,2.037,3.787,0,63.36,8.06842161745796,3.0,0.0,63.326885
grid_30_3,30.1065,31.3105,0.1109,شارع محطة الزيتون,,0,0,0,0,0,0,0,3.485,7556.4,78770.9,2.113,2.113,3.604,0,61.97,8.412354728667236,3.0,0.0,62.041786
grid_30_4,30.1065,31.3135,0.1109,شارع سنان باشا,,0,0,0,0,0,0,0,2.942,5827.8,60750.9,2.224,2.224,3.437,0,60.88,4.868657197053887,5.0,0.0,60.852283
grid_30_5,30.1065,31.3165,0.1109,شارع طومان باى,,0,0,0,0,0,0,0,2.883,5961.9,62148.6,2.365,2.365,3.286,0,60.77,5.411025411356726,3.0,0.0,60.806366
grid_30_6,30.1065,31.3195,0.1109,شارع الاصبغ,الباشا ماركت,1,1,0,0,0,0,0,4.405,5964.1,62171.6,2.531,2.531,3.154,0,61.81,6.830717928082703,3.0,0.0,61.827976
grid_30_7,30.1065,31.3225,0.1109,كوبري التجنيد,,0,0,0,0,0,0,0,5.064,4237.4,44171.6,2.701,2.701,3.045,0,65.13,10.90252313528628,7.0,7.0,65.20154
grid_30_8,30.1065,31.3255,0.1109,شارع ابو بكر الصديق,سوبر ماركت اولاد رجب,1,1,0,0,0,0,0,4.399,2394.3,24958.9,2.682,2.726,2.959,0,61.8,19.59242156760866,7.0,18.0,61.811737
grid_30_9,30.1065,31.3285,0.1109,شارع المشد,,0,0,0,0,0,0,0,2.183,1025.5,10690.5,2.67,2.67,2.9,0,59.37,2.9137651787327745,1.0,0.0,59.339493
grid_30_10,30.1065,31.3315,0.1109,شارع الحجاز,البنك التجارى الدولى; مجمع اطباء 2,2,0,0,0,0,0,1,3.427,1102.3,11491.0,2.62,2.62,2.868,0,61.85,4.209152424918876,7.0,2.0,61.912823
grid_30_11,30.1065,31.3345,0.1109,شارع الشيخ على محمود,البنك الاهلي المصري,1,0,0,0,0,0,1,2.705,1150.9,11997.0,2.581,2.581,2.866,0,60.41,7.633597248514689,7.0,5.0,60.44436
grid_30_12,30.1065,31.3375,0.1109,شارع الحجاز,د. فتحي فوزي; مستشفى هليوبولس,2,0,0,0,0,0,0,3.418,1052.8,10974.4,2.477,2.477,2.892,0,61.84,7.107817432500772,7.0,5.0,61.80886
grid_30_13,30.1065,31.3405,0.1109,شارع عبد اللطيف المكباتى,,0,0,0,0,0,0,0,3.505,1159.7,12089.4,2.404,2.404,2.947,0,62.01,6.903465461121363,5.0,0.0,62.042976
grid_30_14,30.1065,31.3435,0.1109,شارع النزهه,CAE BANK بنك كريدي اجريكول فرع سانت فاتيما; Quadro Cafe,2,0,0,1,0,0,1,3.196,1128.9,11768.1,2.363,2.363,3.028,0,62.64,9.267127109348335,5.0,0.0,62.827545
grid_30_15,30.1065,31.3465,0.1109,شارع احمد فؤاد,,0,0,0,0,0,0,0,2.381,1076.6,11222.7,2.232,2.232,3.134,0,59.76,4.119847322103143,3.0,0.0,59.732433
grid_30_16,30.1065,31.3495,0.1109,شارع الشهيد فريد سميكه,,0,0,0,0,0,0,0,2.396,835.6,8710.3,1.947,1.947,3.262,0,59.79,6.908427876059094,7.0,8.0,59.660545
grid_30_17,30.1065,31.3525,0.1109,Unknown,,0,0,0,0,0,0,0,0.0,735.5,7667.2,1.664,1.664,3.41,0,55.0,0.0,0.0,0.0,55.032635
grid_30_18,30.1065,31.3555,0.1109,Unknown,,0,0,0,0,0,0,0,0.0,612.1,6380.8,1.383,1.383,3.575,0,55.0,0.0,0.0,0.0,55.003017
grid_30_19,30.1065,31.3585,0.1109,Unknown,,0,0,0,0,0,0,0,0.0,508.0,5295.5,1.106,1.106,3.755,0,55.0,0.0,0.0,0.0,55.003452
grid_30_20,30.1065,31.3615,0.1109,شارع المشير احمد اسماعيل,,0,0,0,0,0,0,0,0.56,496.9,5179.9,0.836,0.836,3.948,1,56.12,13.709835204894723,9.0,4.0,56.057175
grid_30_21,30.1065,31.3645,0.1109,شارع كمال الدين حسين,,0,0,0,0,0,0,0,0.606,535.5,5582.5,0.585,0.585,4.152,1,56.21,4.517819542466667,9.0,2.0,56.256752
grid_30_22,30.1065,31.3675,0.1109,شارع الشهيد سيد زكريا خليل,النزهة الدولي,1,0,0,0,0,0,0,2.533,690.9,7201.9,0.389,0.389,4.365,1,60.07,4.354577273722687,3.0,0.0,60.079765
grid_30_23,30.1065,31.3705,0.1109,شارع الشهيد سيد زكريا خليل,الصياد للملابس الاطفال,2,0,1,0,1,0,0,2.697,704.5,7343.9,0.358,0.358,4.543,1,59.64,4.107614995982126,3.0,0.0,59.73688
grid_30_24,30.1065,31.3735,0.1109,شارع النصر,كبابجي ومشويات علاء الدين,1,0,0,1,0,0,0,3.267,790.6,8241.5,0.52,0.52,4.73,1,62.78,5.626914980575462,7.0,1.0,62.726353
grid_30_25,30.1065,31.3765,0.1109,شارع عبد الحميد بدوى,بلاي ستيشن ايموشن,1,0,0,1,0,0,0,3.373,799.1,8330.4,0.762,0.762,4.927,1,63.0,9.465708167364197,7.0,7.0,63.063797
grid_30_26,30.1065,31.3795,0.1109,شارع 1,,1,0,0,1,0,0,0,2.793,626.3,6528.4,1.028,1.028,5.132,0,61.84,3.545057092187797,1.0,0.0,61.796593
grid_30_27,30.1065,31.3825,0.1109,شارع انقره,Yaya,2,0,1,1,0,0,0,3.039,564.1,5880.3,1.303,1.303,5.346,0,60.33,4.424718420027425,3.0,0.0,60.3719
grid_30_28,30.1065,31.3855,0.1109,طريق النصر,,2,0,2,0,0,0,0,4.051,447.8,4668.1,1.584,1.584,5.566,0,56.78,5.619909369711081,7.0,3.0,56.758076
grid_30_29,30.1065,31.3885,0.1109,Unknown,,0,0,0,0,0,0,0,0.0,319.3,3328.5,1.866,1.866,5.62,0,43.3,0.0,0.0,0.0,43.300995
grid_30_30,30.1065,31.3915,0.1109,Unknown,,0,0,0,0,0,0,0,0.0,350.1,3649.7,2.151,2.151,5.642,0,45.55,0.0,0.0,0.0,45.48245
grid_30_31,30.1065,31.3945,0.1109,Unknown,,0,0,0,0,0,0,0,0.0,359.6,3748.7,2.436,2.436,5.679,0,46.24,0.0,0.0,0.0,45.967545
grid_30_32,30.1065,31.3975,0.1109,Unknown,,0,0,0,0,0,0,0,0.0,281.0,2929.0,2.722,2.722,5.73,0,40.5,0.0,0.0,0.0,40.621445
grid_30_33,30.1065,31.4005,0.1109,Unknown,,0,0,0,0,0,0,0,0.0,218.6,2279.1,3.009,3.009,5.795,0,35.95,0.0,0.0,0.0,35.858784
grid_30_34,30.1065,31.4035,0.1109,Unknown,,0,0,0,0,0,0,0,0.0,156.3,1629.0,3.295,3.295,5.873,0,31.4,0.0,0.0,0.0,31.233242
grid_30_35,30.1065,31.4065,0.1109,Unknown,,0,0,0,0,0,0,0,0.0,137.4,1431.8,3.583,3.583,5.964,0,30.02,0.0,0.0,0.0,29.767616
grid_30_36,30.1065,31.4095,0.1109,Unknown,,0,0,0,0,0,0,0,0.0,124.5,1297.7,3.87,3.87,6.068,0,29.08,0.0,0.0,0.0,29.043139
grid_30_37,30.1065,31.4125,0.1109,Unknown,,0,0,0,0,0,0,0,0.0,89.0,927.7,4.158,4.158,6.183,0,26.49,0.0,0.0,0.0,26.434973
grid_30_38,30.1065,31.4155,0.1109,Unknown,,0,0,0,0,0,0,0,0.0,71.4,744.7,4.445,4.445,6.31,0,25.21,0.0,0.0,0.0,25.299538
grid_30_39,30.1065,31.4185,0.1109,Unknown,,0,0,0,0,0,0,0,0.0,60.1,626.2,4.733,4.733,6.447,0,24.38,0.0,0.0,0.0,24.332619
grid_31_0,30.1095,31.3015,0.1109,شارع عبد الرحمن نصر,الامانه,1,1,0,0,0,0,0,3.264,7357.6,76700.5,1.674,1.674,4.422,0,59.53,4.832630966274325,1.0,0.0,59.544987
grid_31_1,30.1095,31.3045,0.1109,شارع المطريه,,0,0,0,0,0,0,0,2.585,7581.5,79034.0,1.668,1.668,4.228,0,60.17,7.042849855561127,5.0,0.0,60.156223
grid_31_2,30.1095,31.3075,0.1109,شارع وابور المياه,,0,0,0,0,0,0,0,3.562,7812.6,81443.8,1.711,1.711,4.045,0,62.12,6.957485280686325,3.0,0.0,62.04518
grid_31_3,30.1095,31.3105,0.1109,شارع المسيرى,,0,0,0,0,0,0,0,3.209,7963.6,83017.7,1.801,1.801,3.875,0,61.42,6.1354576548890565,3.0,0.0,61.49818
grid_31_4,30.1095,31.3135,0.1109,شارع محطة الزيتون,,0,0,0,0,0,0,0,3.525,8063.3,84056.9,1.929,1.929,3.719,0,62.05,8.385877532264729,5.0,0.0,62.046787
grid_31_5,30.1095,31.3165,0.1109,شارع دار السعاده,,0,0,0,0,0,0,0,3.379,7369.6,76824.9,2.09,2.09,3.58,0,61.76,5.357373205407665,5.0,0.0,61.72377
grid_31_6,30.1095,31.3195,0.1109,كوبرى ميدان ابن الحكم,أن أس جي بي,2,0,0,1,0,0,1,4.208,5387.4,56161.8,2.277,2.277,3.46,0,64.67,13.3039833708792,5.0,0.0,64.62144
grid_31_7,30.1095,31.3225,0.1109,شارع ابن الحكم,,1,0,0,0,0,0,0,2.192,6636.9,69187.7,2.483,2.483,3.36,0,59.38,3.3019327345514213,5.0,0.0,59.353355
grid_31_8,30.1095,31.3255,0.1109,شارع النصر,,0,0,0,0,0,0,0,2.394,6733.6,70195.3,2.704,2.704,3.283,0,59.79,1.7333452702820331,7.0,3.0,59.741623
grid_31_9,30.1095,31.3285,0.1109,شارع جسر السويس,Sobhy El Haty; قهوة الفيشاوي,2,0,0,2,0,0,0,3.393,2623.9,27353.1,2.936,2.936,3.23,0,64.29,9.510539751466892,7.0,15.0,64.274055
grid_31_10,30.1095,31.3315,0.1109,شارع الدكتور محمد على البقلى,الفردوس; المصطفى,2,2,0,0,0,0,0,3.705,1063.1,11082.0,2.952,2.952,3.201,0,58.41,5.6082955539429244,5.0,0.0,58.477596
grid_31_11,30.1095,31.3345,0.1109,شارع عبد العزيز فهمى,عيادة هليوبوليس للعيون,1,0,0,0,0,0,0,3.629,1174.2,12240.7,2.889,2.889,3.199,0,62.26,6.903932466943225,5.0,0.0,62.12128
grid_31_12,30.1095,31.3375,0.1109,شارع المنتزه,Kabab Shaker; صيدلية الشيخ; البنك العربى; كو أوب,4,0,0,1,1,0,1,3.359,1284.4,13389.1,2.796,2.796,3.223,0,64.22,8.41562844265104,7.0,3.0,64.254524
grid_31_13,30.1095,31.3405,0.1109,شارع الحجاز,,0,0,0,0,0,0,0,2.663,1215.3,12668.6,2.731,2.731,3.272,0,60.33,7.385698845439762,7.0,4.0,60.32518
grid_31_14,30.1095,31.3435,0.1109,شارع الحجاز,صيدلية جون عدلى; صيدلية ذكرى; صيدليات الوكيل; عيادة دكتور محمد مغازى,4,0,0,0,3,0,0,2.56,1190.2,12407.3,2.584,2.584,3.346,0,63.87,7.114705938931822,7.0,7.0,63.801495
grid_31_15,30.1095,31.3465,0.1109,شارع الشهيد فريد سميكه,Weinerwald; الجبلى,2,1,0,1,0,0,0,4.422,1102.5,11493.6,2.307,2.307,3.442,0,63.09,13.953773102481822,7.0,12.0,63.07674
grid_31_16,30.1095,31.3495,0.1109,شارع ابن الوردى,,0,0,0,0,0,0,0,2.402,1003.6,10461.8,2.033,2.033,3.559,0,59.8,5.570420257827128,7.0,2.0,59.825146
grid_31_17,30.1095,31.3525,0.1109,شارع عمار بن ياسر,,0,0,0,0,0,0,0,2.144,731.4,7624.6,1.763,1.763,3.695,0,59.29,1.880301289050622,3.0,0.0,59.27911
grid_31_18,30.1095,31.3555,0.1109,Unknown,,0,0,0,0,0,0,0,0.0,557.5,5811.6,1.501,1.501,3.847,0,55.0,0.0,0.0,0.0,55.00419
grid_31_19,30.1095,31.3585,0.1109,Unknown,,0,0,0,0,0,0,0,0.0,425.1,4431.1,1.25,1.25,4.015,0,51.02,0.0,0.0,0.0,51.20911
grid_31_20,30.1095,31.3615,0.1109,Unknown,,0,0,0,0,0,0,0,0.0,421.6,4395.1,1.019,1.019,4.196,0,50.77,0.0,0.0,0.0,50.746246
grid_31_21,30.1095,31.3645,0.1109,Unknown,,0,0,0,0,0,0,0,0.0,577.9,6024.2,0.826,0.826,4.388,1,55.0,0.0,0.0,0.0,55.006954
grid_31_22,30.1095,31.3675,0.1109,شارع الشهيد سيد زكريا خليل,,0,0,0,0,0,0,0,0.206,656.8,6846.8,0.701,0.701,4.591,1,55.41,14.995863229401095,9.0,5.0,55.395615
grid_31_23,30.1095,31.3705,0.1109,شارع الحسن,Circle K; Mr. Kasap,6,0,2,2,1,0,0,1.596,668.9,6972.7,0.684,0.684,4.802,1,57.94,14.693069984001998,9.0,12.0,57.865707
grid_31_24,30.1095,31.3735,0.1109,طريق النصر,محطة بنزين توتال,1,0,0,0,0,0,0,2.407,665.6,6938.3,0.781,0.781,4.984,1,59.81,12.90726065996976,8.0,9.0,59.800007
grid_31_25,30.1095,31.3765,0.1109,طريق النصر,حمادة شيراتون; KFC,4,0,0,4,0,0,0,3.008,640.4,6675.5,0.959,0.959,5.171,1,66.02,10.986206643065724,7.0,1.0,66.141716
grid_31_26,30.1095,31.3795,0.1109,شارع انقره,,2,0,2,0,0,0,0,3.724,617.4,6436.2,1.181,1.181,5.367,0,58.45,3.749209152173743,3.0,0.0,58.362667
grid_31_27,30.1095,31.3825,0.1109,شارع انقره,مورانو; Mahmoud elfar,2,0,1,1,0,0,0,1.288,532.2,5548.5,1.428,1.428,5.572,0,56.83,1.1152059627037698,3.0,0.0,56.864643
grid_31_28,30.1095,31.3855,0.1109,طريق الكابتن طيار لطفية النادي,,0,0,0,0,0,0,0,3.17,403.1,4201.9,1.687,1.687,5.783,0,55.75,14.651069974418226,7.0,1.0,55.769104
grid_31_29,30.1095,31.3885,0.1109,طريق الكابتن طيار لطفية النادي,,0,0,0,0,0,0,0,0.322,418.3,4361.1,1.955,1.955,5.953,0,51.17,1.7699209972961705,5.0,0.0,51.121216
grid_31_30,30.1095,31.3915,0.1109,Unknown,,0,0,0,0,0,0,0,0.0,457.8,4771.9,2.228,2.228,5.974,0,53.4,0.0,0.0,0.0,53.48392
grid_31_31,30.1095,31.3945,0.1109,Unknown,,0,0,0,0,0,0,0,0.0,414.4,4319.5,2.505,2.505,6.009,0,50.24,0.0,0.0,0.0,50.266716
grid_31_32,30.1095,31.3975,0.1109,وصول,Hippopotamus,2,0,1,1,0,0,0,0.217,431.9,4502.2,2.784,2.784,6.057,0,51.2,0.402048991627819,3.0,0.0,51.225147
grid_31_33,30.1095,31.4005,0.1109,وصول,,0,0,0,0,0,0,0,0.158,312.1,3253.6,3.064,3.064,6.118,0,43.09,0.0,0.0,0.0,43.139202
grid_31_34,30.1095,31.4035,0.1109,Unknown,,0,0,0,0,0,0,0,0.0,216.5,2257.4,3.347,3.347,6.193,0,35.8,0.0,0.0,0.0,35.805305
grid_31_35,30.1095,31.4065,0.1109,Unknown,,0,0,0,0,0,0,0,0.0,166.5,1735.5,3.63,3.63,6.279,0,32.15,0.0,0.0,0.0,32.253887
grid_31_36,30.1095,31.4095,0.1109,Unknown,,0,0,0,0,0,0,0,0.0,163.5,1704.9,3.914,3.914,6.378,0,31.93,0.0,0.0,0.0,31.95737
grid_31_37,30.1095,31.4125,0.1109,Unknown,,0,0,0,0,0,0,0,0.0,127.5,1329.1,4.198,4.198,6.488,0,29.3,0.0,0.0,0.0,29.317795
grid_31_38,30.1095,31.4155,0.1109,Unknown,,0,0,0,0,0,0,0,0.0,91.5,953.6,4.483,4.483,6.608,0,26.68,0.0,0.0,0.0,26.732508
grid_31_39,30.1095,31.4185,0.1109,Unknown,,0,0,0,0,0,0,0,0.0,66.9,697.7,4.769,4.769,6.739,0,24.88,0.0,0.0,0.0,24.89246
grid_32_0,30.1125,31.3015,0.1109,شارع سكه الحمصاني,,0,0,0,0,0,0,0,2.292,8027.3,83684.3,1.342,1.342,4.669,0,59.58,4.5155945188907305,5.0,0.0,59.548862
grid_32_1,30.1125,31.3045,0.1109,شارع المطريه,,0,0,0,0,0,0,0,4.677,8470.3,88302.8,1.335,1.335,4.485,0,64.35,9.75825097764326,5.0,0.0,64.43116
grid_32_2,30.1125,31.3075,0.1109,شارع سيد علي,,0,0,0,0,0,0,0,4.434,8786.3,91597.1,1.389,1.389,4.313,0,63.87,7.799575841848178,1.0,0.0,63.868347
grid_32_3,30.1125,31.3105,0.1109,شارع ترعه الجبل,,0,0,0,0,0,0,0,4.993,7827.7,81603.3,1.498,1.498,4.154,0,64.99,9.583016385409993,5.0,0.0,65.01046
grid_32_4,30.1125,31.3135,0.1109,كوبرى الحلميه الجديد,,0,0,0,0,0,0,0,4.472,7494.4,78128.8,1.65,1.65,4.01,0,63.94,12.419098173705136,5.0,0.0,63.935257
grid_32_5,30.1125,31.3165,0.1109,شارع ابن الحكم,الوطنيه,2,0,0,0,0,0,0,2.927,7651.7,79769.1,1.836,1.836,3.881,0,60.85,8.060537953321612,5.0,0.0,60.825275
grid_32_6,30.1125,31.3195,0.1109,شارع ابن الحكم,مستشفي الحلمية العسكري; مستشفى الحلميه العسكرى,2,0,0,0,0,0,0,1.105,9918.7,103402.3,2.045,2.045,3.77,0,57.21,0.9265642708935512,5.0,0.0,57.162846
grid_32_7,30.1125,31.3225,0.1109,شارع مدينه زهراء الحلميه,,0,0,0,0,0,0,0,2.31,9190.9,95814.4,2.272,2.272,3.679,0,59.62,0.0,0.0,0.0,59.63178
grid_32_8,30.1125,31.3255,0.1109,شارع النصر,,0,0,0,0,0,0,0,2.541,6851.0,71421.4,2.512,2.512,3.609,0,60.08,0.0,0.0,0.0,60.034813
grid_32_9,30.1125,31.3285,0.1109,شارع دويره شنوده,,0,0,0,0,0,0,0,2.69,7239.5,75471.1,2.761,2.761,3.56,0,60.38,3.847354104256076,3.0,0.0,60.363506
grid_32_10,30.1125,31.3315,0.1109,شارع جسر السويس,,0,0,0,0,0,0,0,3.566,5390.0,56190.6,3.017,3.017,3.535,0,62.13,11.809026405515905,7.0,9.0,62.113495
grid_32_11,30.1125,31.3345,0.1109,شارع محمد فريد,,0,0,0,0,0,0,0,3.445,1273.8,13279.0,3.202,3.202,3.533,0,61.89,6.232763664376435,7.0,2.0,61.855476
grid_32_12,30.1125,31.3375,0.1109,شارع محمد فريد,,0,0,0,0,0,0,0,3.532,1211.4,12628.4,3.039,3.118,3.554,0,62.06,7.066596846610057,5.0,0.0,62.053493
grid_32_13,30.1125,31.3405,0.1109,شارع محمد فريد,,0,0,0,0,0,0,0,3.23,1149.0,11978.5,2.764,2.96,3.599,0,61.46,6.867154585722887,5.0,0.0,61.407185
grid_32_14,30.1125,31.3435,0.1109,شارع الشهيد فريد سميكه,,0,0,0,0,0,0,0,2.858,1122.8,11705.6,2.491,2.691,3.666,0,60.72,8.80656688670619,7.0,6.0,60.70267
grid_32_15,30.1125,31.3465,0.1109,شارع الحجاز,,0,0,0,0,0,0,0,3.942,1110.8,11580.5,2.222,2.426,3.754,0,62.88,13.592053718047538,7.0,12.0,62.929005
grid_32_16,30.1125,31.3495,0.1109,شارع الحجاز,المستشفى الوطنى للعيون,1,0,0,0,0,0,0,3.477,1108.7,11557.9,1.959,2.166,3.861,0,61.95,5.602653126428439,7.0,4.0,62.03669
grid_32_17,30.1125,31.3525,0.1109,شارع الشيخ على عبد الرازق,,0,0,0,0,0,0,0,3.255,943.3,9834.3,1.705,1.916,3.987,0,61.51,3.4423465980579646,1.0,0.0,61.588844
grid_32_18,30.1125,31.3555,0.1109,شارع عمار بن ياسر,,0,0,0,0,0,0,0,1.732,733.2,7643.8,1.462,1.678,4.129,0,58.46,8.523525367916212,3.0,0.0,58.351727
grid_32_19,30.1125,31.3585,0.1109,شارع عمار بن ياسر,,0,0,0,0,0,0,0,1.979,495.7,5167.2,1.24,1.457,4.285,0,58.96,0.4296062597975792,3.0,0.0,59.043613
grid_32_20,30.1125,31.3615,0.1109,Unknown,,0,0,0,0,0,0,0,0.0,454.9,4742.0,1.051,1.265,4.455,0,53.19,0.0,0.0,0.0,53.024494
grid_32_21,30.1125,31.3645,0.1109,Unknown,,0,0,0,0,0,0,0,0.0,449.0,4680.7,0.915,1.115,4.637,1,52.76,0.0,0.0,0.0,52.57788
grid_32_22,30.1125,31.3675,0.1109,شارع عبد الحميد بدوى,,0,0,0,0,0,0,0,0.479,497.4,5185.5,0.858,1.026,4.829,1,55.96,5.8570997309424655,9.0,3.0,56.04621
grid_32_23,30.1125,31.3705,0.1109,كوبرى المطار,Bazooka,1,0,0,1,0,0,0,0.211,506.1,5276.5,0.896,1.015,5.03,1,56.67,13.960313735246984,9.0,7.0,56.60531
grid_32_24,30.1125,31.3735,0.1109,كوبرى المطار,,0,0,0,0,0,0,0,1.107,467.3,4872.0,1.017,1.083,5.24,0,56.32,4.660688333930167,8.0,4.0,56.44296
grid_32_25,30.1125,31.3765,0.1109,طريق المطار,,0,0,0,0,0,0,0,2.432,490.5,5113.1,1.197,1.217,5.425,0,59.86,10.72389277632166,7.0,3.0,59.858505
grid_32_26,30.1125,31.3795,0.1109,طريق النصر,,1,0,1,0,0,0,0,2.445,493.6,5145.6,1.399,1.399,5.612,0,57.89,8.10187363951746,7.0,2.0,57.97446
grid_32_27,30.1125,31.3825,0.1109,طريق النصر,,0,0,0,0,0,0,0,2.371,406.5,4238.0,1.613,1.613,5.808,0,54.41,13.84665931016517,6.0,0.0,54.589985
grid_32_28,30.1125,31.3855,0.1109,طريق الكابتن طيار لطفية النادي,,0,0,0,0,0,0,0,0.694,356.7,3718.2,1.847,1.847,6.011,0,47.42,0.0,0.0,0.0,47.636776
grid_32_29,30.1125,31.3885,0.1109,Unknown,,0,0,0,0,0,0,0,1.28,385.3,4016.3,2.094,2.094,6.221,0,50.67,5.944255789815077,5.0,0.0,50.77168
grid_32_30,30.1125,31.3915,0.1109,Unknown,,0,0,0,0,0,0,0,2.049,352.8,3678.2,2.351,2.351,6.306,0,49.85,4.905209824274946,5.0,0.0,49.67568
grid_32_31,30.1125,31.3945,0.1109,الإقلاع,باشا,1,0,0,1,0,0,0,1.293,476.6,4968.6,2.615,2.615,6.339,0,58.62,7.667639290897798,5.0,0.0,58.64836
grid_32_32,30.1125,31.3975,0.1109,سفر,Burger King,3,0,1,1,1,0,0,2.1,522.5,5447.0,2.883,2.883,6.385,0,59.7,4.203070213492882,5.0,0.0,59.73544
grid_32_33,30.1125,31.4005,0.1109,وصول,Costa,1,0,0,1,0,0,0,0.435,407.0,4242.7,3.155,3.155,6.443,0,51.82,0.0,0.0,0.0,51.750244
grid_32_34,30.1125,31.4035,0.1109,Unknown,Aero Cafe; Starbucks,2,0,0,2,0,0,0,0.0,333.4,3475.9,3.43,3.43,6.514,0,46.83,0.0,0.0,0.0,46.801598
grid_32_35,30.1125,31.4065,0.1109,Unknown,,0,0,0,0,0,0,0,0.0,291.6,3040.1,3.706,3.706,6.596,0,41.28,0.0,0.0,0.0,41.431965
grid_32_36,30.1125,31.4095,0.1109,Unknown,,0,0,0,0,0,0,0,0.0,213.6,2226.5,3.985,3.985,6.69,0,35.59,0.0,0.0,0.0,35.4592
grid_32_37,30.1125,31.4125,0.1109,Unknown,,0,0,0,0,0,0,0,0.0,173.1,1804.1,4.265,4.265,6.795,0,32.63,0.0,0.0,0.0,32.432487
grid_32_38,30.1125,31.4155,0.1109,Unknown,,0,0,0,0,0,0,0,0.0,123.0,1281.8,4.545,4.545,6.91,0,28.97,0.0,0.0,0.0,29.064499
grid_32_39,30.1125,31.4185,0.1109,Unknown,,0,0,0,0,0,0,0,0.0,86.6,902.5,4.827,4.827,7.035,0,26.32,0.0,0.0,0.0,26.192314
grid_33_0,30.1155,31.3015,0.1109,شارع على مكاوي,,0,0,0,0,0,0,0,4.516,12573.9,131086.3,1.013,1.013,4.926,0,64.03,8.337059385503013,5.0,0.0,64.06397
grid_33_1,30.1155,31.3045,0.1109,شارع الكابلات,أبو مروة وبس,1,0,0,1,0,0,0,4.822,10406.6,108491.5,1.003,1.003,4.752,0,65.89,11.331687748052628,5.0,0.0,65.9115
grid_33_2,30.1155,31.3075,0.1109,كوبرى ميدان المطريه,,0,0,0,0,0,0,0,5.013,9235.8,96285.3,1.074,1.074,4.59,0,65.03,14.484041733536438,5.0,0.0,65.0085
grid_33_3,30.1155,31.3105,0.1109,شارع الحريه,,0,0,0,0,0,0,0,5.19,11325.2,118067.8,1.211,1.211,4.441,0,65.38,9.296982332557336,5.0,0.0,65.34123
grid_33_4,30.1155,31.3135,0.1109,شارع محطه حلميه الزيتون,,0,0,0,0,0,0,0,3.391,11842.1,123456.9,1.396,1.396,4.306,0,61.78,8.197119676769205,3.0,0.0,61.84432
grid_33_5,30.1155,31.3165,0.1109,شارع عين شمس,,0,0,0,0,0,0,0,3.393,11033.6,115028.6,1.611,1.611,4.187,0,61.79,6.785117501171715,5.0,0.0,61.812317
grid_33_6,30.1155,31.3195,0.1109,شارع سليم الاول,,0,0,0,0,0,0,0,2.161,9352.7,97505.0,1.846,1.846,4.084,0,59.32,3.127841899612728,3.0,0.0,59.353065
grid_33_7,30.1155,31.3225,0.1109,شارع النصر,,0,0,0,0,0,0,0,0.671,10762.6,112203.3,2.095,2.095,4.0,0,56.34,0.0,0.0,0.0,56.359306
grid_33_8,30.1155,31.3255,0.1109,Unknown,,0,0,0,0,0,0,0,0.28,8907.7,92865.2,2.352,2.352,3.936,0,55.56,0.0,0.0,0.0,55.506844
grid_33_9,30.1155,31.3285,0.1109,شارع 20,,0,0,0,0,0,0,0,1.532,8034.6,83763.1,2.617,2.617,3.891,0,58.06,3.0456174783577743,3.0,0.0,58.07747
grid_33_10,30.1155,31.3315,0.1109,شارع 34,مستشفى مصر الجديدة العسكرى; مدرسة الناصرية الإعدادية بنات,2,0,0,0,0,1,0,2.441,8830.5,92060.3,2.885,2.885,3.868,0,61.13,5.083160275454968,3.0,0.0,61.18415
grid_33_11,30.1155,31.3345,0.1109,شارع جسر السويس,,0,0,0,0,0,0,0,3.442,5851.0,60998.0,3.158,3.158,3.866,0,61.88,9.671519875211624,7.0,9.0,61.91651
grid_33_12,30.1155,31.3375,0.1109,شارع الشيخ احمد ابراهيم,,0,0,0,0,0,0,0,3.741,1497.8,15615.3,2.963,3.352,3.886,0,62.48,6.835996238735852,7.0,4.0,62.54307
grid_33_13,30.1155,31.3405,0.1109,شارع المنتزه,,0,0,0,0,0,0,0,2.651,1039.4,10835.7,2.679,3.09,3.927,0,60.3,6.075206934485147,7.0,2.0,60.321827
grid_33_14,30.1155,31.3435,0.1109,شارع الشهيد فريد سميكه,القطرى; مطعم الخيرات; بنك كريدى اجريكول; البنك الاهلى المصرى,4,0,0,1,0,0,3,2.815,932.9,9725.3,2.397,2.833,3.988,0,61.88,8.7785975648689,7.0,12.0,61.844543
grid_33_15,30.1155,31.3465,0.1109,شارع عبد الحميد بدوى,,0,0,0,0,0,0,0,2.705,974.3,10157.3,2.116,2.582,4.069,0,60.41,8.601747592511737,7.0,2.0,60.364105
grid_33_16,30.1155,31.3495,0.1109,شارع عبد الرحمن الرفاعى,,0,0,0,0,0,0,0,3.715,976.5,10180.1,1.838,2.341,4.168,0,62.43,6.6939187700679845,7.0,3.0,62.391838
grid_33_17,30.1155,31.3525,0.1109,شارع الحجاز,البنك الاهلي الكويتي - مصر,1,0,0,0,0,0,1,3.081,886.8,9245.4,1.564,2.111,4.285,0,61.16,7.195358720111994,7.0,9.0,61.164173
grid_33_18,30.1155,31.3555,0.1109,شارع الشيخ على عبد الرازق,صيدلية عبدالمالك,1,0,0,0,1,0,0,3.597,808.4,8427.6,1.295,1.897,4.417,0,63.44,3.952031968067915,7.0,1.0,63.46708
grid_33_19,30.1155,31.3585,0.1109,شارع الدكتور سليمان عزمى,,0,0,0,0,0,0,0,3.615,727.0,7579.4,1.038,1.706,4.564,0,62.23,3.9897035453816327,3.0,0.0,62.21117
grid_33_20,30.1155,31.3615,0.1109,شارع عمار بن ياسر,,0,0,0,0,0,0,0,1.646,651.3,6790.1,0.802,1.545,4.724,1,58.29,1.9136497266975696,3.0,0.0,58.241863
grid_33_21,30.1155,31.3645,0.1109,شارع عبد الحميد بدوى,,0,0,0,0,0,0,0,1.305,570.6,5948.5,0.613,1.424,4.896,1,57.61,13.46433020223851,8.0,9.0,57.631508
grid_33_22,30.1155,31.3675,0.1109,كوبرى جوزيف تيتو,,0,0,0,0,0,0,0,0.343,422.1,4400.2,0.525,1.356,5.078,1,51.49,11.179047589851823,9.0,5.0,51.441174
grid_33_23,30.1155,31.3705,0.1109,Unknown,,0,0,0,0,0,0,0,0.0,376.3,3923.1,0.584,1.347,5.27,1,47.46,0.0,0.0,0.0,47.552345
grid_33_24,30.1155,31.3735,0.1109,Unknown,,0,0,0,0,0,0,0,0.0,371.9,3877.6,0.757,1.399,5.47,1,47.14,0.0,0.0,0.0,47.342247
grid_33_25,30.1155,31.3765,0.1109,Unknown,,0,0,0,0,0,0,0,0.0,416.5,4342.5,0.986,1.506,5.678,1,50.4,0.0,0.0,0.0,50.26684
grid_33_26,30.1155,31.3795,0.1109,طريق المطار,,0,0,0,0,0,0,0,1.678,376.7,3927.7,1.24,1.656,5.865,0,50.85,0.5252715825070478,6.0,0.0,50.79001
grid_33_27,30.1155,31.3825,0.1109,طريق المطار,,0,0,0,0,0,0,0,0.991,338.1,3525.3,1.507,1.84,6.053,0,46.66,7.028707876900517,7.0,2.0,46.622913
grid_33_28,30.1155,31.3855,0.1109,Unknown,,0,0,0,0,0,0,0,0.0,347.5,3622.7,1.78,2.048,6.248,0,45.36,0.0,0.0,0.0,45.40417
grid_33_29,30.1155,31.3885,0.1109,Unknown,,0,0,0,0,0,0,0,0.0,318.4,3319.5,2.057,2.274,6.45,0,43.24,0.0,0.0,0.0,43.30231
grid_33_30,30.1155,31.3915,0.1109,Unknown,,0,0,0,0,0,0,0,0.301,337.9,3523.0,2.338,2.512,6.639,0,45.26,0.0,0.0,0.0,45.232574
grid_33_31,30.1155,31.3945,0.1109,Unknown,,0,0,0,0,0,0,0,0.756,419.6,4374.9,2.62,2.761,6.67,0,52.14,5.761979776540885,5.0,0.0,51.99092
grid_33_32,30.1155,31.3975,0.1109,Unknown,,0,0,0,0,0,0,0,1.534,498.5,5197.3,2.903,3.016,6.713,0,58.07,5.1656878234918775,5.0,0.0,58.08128
grid_33_33,30.1155,31.4005,0.1109,Unknown,,0,0,0,0,0,0,0,1.002,433.6,4520.9,3.187,3.277,6.769,0,53.65,5.593039139315327,5.0,0.0,53.543026
grid_33_34,30.1155,31.4035,0.1109,Unknown,,0,0,0,0,0,0,0,0.324,284.6,2967.1,3.472,3.542,6.836,0,41.42,0.36593447626465,5.0,0.0,41.510567
grid_33_35,30.1155,31.4065,0.1109,Unknown,,0,0,0,0,0,0,0,0.0,301.9,3147.8,3.758,3.811,6.914,0,42.03,0.0,0.0,0.0,42.04041
grid_33_36,30.1155,31.4095,0.1109,Unknown,,0,0,0,0,0,0,0,0.0,306.7,3197.6,4.043,4.082,7.004,0,42.38,0.0,0.0,0.0,42.36677
grid_33_37,30.1155,31.4125,0.1109,Unknown,,0,0,0,0,0,0,0,0.0,211.5,2205.0,4.33,4.355,7.104,0,35.44,0.0,0.0,0.0,35.64766
grid_33_38,30.1155,31.4155,0.1109,Unknown,,0,0,0,0,0,0,0,0.0,152.7,1592.3,4.616,4.631,7.214,0,31.15,0.0,0.0,0.0,30.976515
grid_33_39,30.1155,31.4185,0.1109,Unknown,,0,0,0,0,0,0,0,0.0,124.3,1296.2,4.903,4.908,7.335,0,29.07,0.0,0.0,0.0,29.050976
grid_34_0,30.1185,31.3015,0.1109,شارع العقاد,,0,0,0,0,0,0,0,4.766,12272.3,127946.4,0.687,0.687,5.192,1,64.53,8.2920636729028,5.0,0.0,64.49907
grid_34_1,30.1185,31.3045,0.1109,شارع الحريه,,0,0,0,0,0,0,0,5.343,12388.8,129160.6,0.673,0.673,5.027,1,65.69,15.855315102724887,5.0,0.0,65.75954
grid_34_2,30.1185,31.3075,0.1109,شارع المطراوي,,0,0,0,0,0,0,0,5.827,12339.0,128641.4,0.774,0.774,4.874,1,66.65,12.149098338477373,3.0,0.0,66.71238
grid_34_3,30.1185,31.3105,0.1109,شارع ماهر,,0,0,0,0,0,0,0,3.688,11983.6,124936.2,0.956,0.956,4.734,1,62.38,7.212464889705125,1.0,0.0,62.381966
grid_34_4,30.1185,31.3135,0.1109,شارع ترعه الجبل,,0,0,0,0,0,0,0,3.338,12252.1,127735.5,1.181,1.181,4.608,0,61.68,9.584712815605632,3.0,0.0,61.657852
grid_34_5,30.1185,31.3165,0.1109,شارع عين شمس,,0,0,0,0,0,0,0,3.933,11349.3,118323.3,1.428,1.428,4.497,0,62.87,7.661719847227323,5.0,0.0,62.987366
grid_34_6,30.1185,31.3195,0.1109,شارع سليم الاول,كازيون,1,1,0,0,0,0,0,3.103,9384.9,97843.2,1.689,1.689,4.401,0,59.21,6.050060286291807,3.0,0.0,59.13906
grid_34_7,30.1185,31.3225,0.1109,شارع علي باشا اللاله,,0,0,0,0,0,0,0,2.65,10945.9,114117.6,1.958,1.958,4.323,0,60.3,3.3157447789719425,3.0,0.0,60.235294
grid_34_8,30.1185,31.3255,0.1109,شارع متحف المطريه,مدرسة النعام التجارية بنات,1,0,0,0,0,1,0,1.897,10363.6,108046.9,2.232,2.232,4.264,0,60.04,3.546037209653611,3.0,0.0,60.086548
grid_34_9,30.1185,31.3285,0.1109,شارع 22,مدرسة الحرية الإعدادية بنين,1,0,0,0,0,1,0,3.181,8878.3,92561.7,2.508,2.508,4.223,0,62.61,4.37376508131574,3.0,0.0,62.689003
grid_34_10,30.1185,31.3315,0.1109,شارع منشيه التحرير,مدرسة صلاح الدين الابتدائية المشتركة,1,0,0,0,0,1,0,4.029,8994.3,93771.1,2.788,2.788,4.201,0,64.31,8.547464925384194,3.0,0.0,64.27
grid_34_11,30.1185,31.3345,0.1109,شارع 1,مدرسة الأنصار الإبتدائية المشتركة,1,0,0,0,0,1,0,4.569,8041.8,83840.8,3.069,3.069,4.2,0,65.39,8.288189709480191,3.0,0.0,65.35282
grid_34_12,30.1185,31.3375,0.1109,شارع جسر السويس,,0,0,0,0,0,0,0,4.979,6012.0,62678.4,2.922,3.351,4.218,0,64.96,7.467541648362006,7.0,4.0,64.987114
grid_34_13,30.1185,31.3405,0.1109,شارع الشهيد فريد سميكه,,0,0,0,0,0,0,0,2.654,2466.7,25717.0,2.634,3.249,4.255,0,60.31,9.296463199760929,7.0,11.0,60.319115
grid_34_14,30.1185,31.3435,0.1109,شارع عمارات مصر الجديدة,,0,0,0,0,0,0,0,0.923,726.3,7571.6,2.346,3.005,4.312,0,56.85,1.4551367968383249,1.0,0.0,56.83059
grid_34_15,30.1185,31.3465,0.1109,شارع عبد الحميد بدوى,,0,0,0,0,0,0,0,0.362,733.5,7646.7,2.059,2.77,4.387,0,55.72,0.648596243467793,7.0,1.0,55.734753
grid_34_16,30.1185,31.3495,0.1109,شارع عبد الحميد بدوى,,0,0,0,0,0,0,0,3.084,816.7,8514.9,1.772,2.547,4.479,0,61.17,6.300821348288804,7.0,8.0,61.227192
grid_34_17,30.1185,31.3525,0.1109,شارع عبد الحميد بدوى,,0,0,0,0,0,0,0,3.199,733.1,7642.8,1.485,2.337,4.588,0,61.4,13.87942538054602,7.0,8.0,61.326912
grid_34_18,30.1185,31.3555,0.1109,شارع عبد الحميد بدوى,,0,0,0,0,0,0,0,2.984,642.2,6695.8,1.2,2.146,4.712,0,60.97,19.9762893531927,7.0,13.0,60.924488
grid_34_19,30.1185,31.3585,0.1109,شارع عبد الحميد بدوى,,0,0,0,0,0,0,0,3.417,577.9,6024.7,0.916,1.979,4.85,1,61.83,9.986019266986997,7.0,7.0,61.85134
grid_34_20,30.1185,31.3615,0.1109,شارع عبد الحميد بدوى,,0,0,0,0,0,0,0,2.431,684.5,7136.0,0.637,1.842,5.001,1,59.86,5.441846511553837,7.0,6.0,59.94006
grid_34_21,30.1185,31.3645,0.1109,محور عدلى منصور,Domino's; Kazyon market,2,0,1,1,0,0,0,3.407,761.2,7936.2,0.371,1.742,5.163,1,61.06,8.247140228448137,7.0,1.0,61.04422
grid_34_22,30.1185,31.3675,0.1109,شارع مصر للطيران,,0,0,0,0,0,0,0,2.45,615.7,6419.0,0.193,1.687,5.336,1,59.9,18.660864456354176,9.0,7.0,59.86317
grid_34_23,30.1185,31.3705,0.1109,شارع النصر,,0,0,0,0,0,0,0,0.367,498.7,5199.3,0.321,1.68,5.519,1,55.73,3.2609525314500103,9.0,2.0,55.72122
grid_34_24,30.1185,31.3735,0.1109,Unknown,,0,0,0,0,0,0,0,0.0,405.3,4225.1,0.579,1.722,5.711,1,49.58,0.0,0.0,0.0,49.4767
grid_34_25,30.1185,31.3765,0.1109,Unknown,,0,0,0,0,0,0,0,0.0,306.3,3193.6,0.857,1.81,5.91,1,42.36,0.0,0.0,0.0,42.343094
grid_34_26,30.1185,31.3795,0.1109,Unknown,,0,0,0,0,0,0,0,0.0,335.8,3500.7,1.14,1.937,6.117,0,44.5,0.0,0.0,0.0,44.427124
grid_34_27,30.1185,31.3825,0.1109,طريق المطار,,0,0,0,0,0,0,0,1.356,368.7,3844.2,1.425,2.096,6.306,0,49.62,0.3205034029467596,6.0,0.0,49.92719
grid_34_28,30.1185,31.3855,0.1109,طريق المطار,,0,0,0,0,0,0,0,0.827,406.8,4241.1,1.712,2.281,6.494,0,51.34,2.956839303654396,7.0,2.0,51.40557
grid_34_29,30.1185,31.3885,0.1109,طريق المطار,مركز الفحص الطبى لادارة الطيران الأمريكية FAA; مركز الفحص الطبى للطيران المدنى ICAO; مجلس طبي وزارة الطيران المدنى,3,0,0,0,0,0,0,1.083,415.3,4329.4,1.999,2.485,6.689,0,52.47,0.3612708993831471,3.0,0.0,52.55505
grid_34_30,30.1185,31.3915,0.1109,طريق المطار,,0,0,0,0,0,0,0,1.045,417.8,4356.2,2.286,2.705,6.89,0,52.58,5.327283668407428,3.0,0.0,52.570698
grid_34_31,30.1185,31.3945,0.1109,Unknown,,0,0,0,0,0,0,0,0.675,551.2,5746.3,2.574,2.937,7.001,0,56.35,0.0,0.0,0.0,56.416264
grid_34_32,30.1185,31.3975,0.1109,Unknown,رجب و أولاده; EG BANK البنك المصرى الخليجى فرع المطار,5,2,0,1,0,0,2,1.448,525.8,5481.3,2.861,3.179,7.042,0,55.15,4.893816238545199,5.0,0.0,55.15885
grid_34_33,30.1185,31.4005,0.1109,Unknown,,0,0,0,0,0,0,0,0.334,409.1,4265.0,3.149,3.427,7.095,0,50.52,0.0,0.0,0.0,50.548378
grid_34_34,30.1185,31.4035,0.1109,Unknown,,0,0,0,0,0,0,0,0.95,404.4,4216.0,3.438,3.681,7.159,0,51.41,3.985715055840601,5.0,0.0,51.284393
grid_34_35,30.1185,31.4065,0.1109,Unknown,,0,0,0,0,0,0,0,0.842,463.7,4834.7,3.726,3.941,7.234,0,55.53,2.109860042688432,3.0,0.0,55.515377
grid_34_36,30.1185,31.4095,0.1109,Unknown,,0,0,0,0,0,0,0,0.0,344.2,3588.0,4.014,4.203,7.32,0,45.12,0.0,0.0,0.0,45.083233
grid_34_37,30.1185,31.4125,0.1109,Unknown,,0,0,0,0,0,0,0,0.0,216.6,2258.2,4.302,4.47,7.416,0,35.81,0.0,0.0,0.0,35.724667
grid_34_38,30.1185,31.4155,0.1109,Unknown,,0,0,0,0,0,0,0,0.0,175.5,1830.1,4.59,4.738,7.521,0,32.81,0.0,0.0,0.0,32.73168
grid_34_39,30.1185,31.4185,0.1109,Unknown,,0,0,0,0,0,0,0,0.0,158.6,1654.0,4.879,5.009,7.637,0,31.58,0.0,0.0,0.0,31.830322
grid_35_0,30.1215,31.3015,0.1109,شارع الحريه,مولانا كريب 2; محطة وقود التعاون,2,0,0,1,0,0,0,5.947,12567.8,131030.9,0.375,0.375,5.465,1,68.14,11.800867088685544,5.0,0.0,68.26319
grid_35_1,30.1215,31.3045,0.1109,شارع حسن شهاب,,0,0,0,0,0,0,0,6.849,13555.2,141325.2,0.348,0.348,5.309,1,68.7,11.064543652207934,1.0,0.0,68.584564
grid_35_2,30.1215,31.3075,0.1109,شارع المطراوي,,0,0,0,0,0,0,0,4.148,12528.3,130619.0,0.518,0.518,5.164,1,63.3,8.862280144966435,3.0,0.0,63.31274
grid_35_3,30.1215,31.3105,0.1109,شارع شجره مريم,,1,0,0,0,1,0,0,3.6,12493.6,130257.3,0.763,0.763,5.032,1,63.45,6.149262877807594,1.0,0.0,63.45703
grid_35_4,30.1215,31.3135,0.1109,شارع ترعه الجبل,,1,0,1,0,0,0,0,3.443,13116.4,136750.4,1.031,1.031,4.914,0,59.89,6.903907963520182,3.0,0.0,59.971188
grid_35_5,30.1215,31.3165,0.1109,شارع متحف المطريه,,0,0,0,0,0,0,0,2.125,11719.8,122189.2,1.307,1.307,4.809,0,59.25,5.045404916811671,5.0,0.0,59.27864
grid_35_6,30.1215,31.3195,0.1109,شارع شاهين,,0,0,0,0,0,0,0,3.566,11337.8,118207.0,1.588,1.588,4.721,0,62.13,6.479913758546572,5.0,0.0,62.108875
grid_35_7,30.1215,31.3225,0.1109,شارع متحف المطريه,مدرسة الشهيد مصطفى حافظ الابتدائية المشتركة; المعهد الفني الصناعي - المطرية,2,0,0,0,0,2,0,3.434,11130.1,116041.3,1.871,1.871,4.648,0,64.37,6.197006944590152,3.0,0.0,64.38595
grid_35_8,30.1215,31.3255,0.1109,شارع المعهد الصناعي,مدرسة السيدة خديجة الابتدائية المشتركة,1,0,0,0,0,1,0,2.681,10332.9,107729.9,2.156,2.156,4.592,0,61.61,5.184271291776111,3.0,0.0,61.611523
grid_35_9,30.1215,31.3285,0.1109,شارع معهد الحريه,كشري السلطان,1,0,0,1,0,0,0,4.129,9992.7,104183.0,2.442,2.442,4.554,0,64.51,7.444629476436497,5.0,0.0,64.395294
grid_35_10,30.1215,31.3315,0.1109,شارع السلام,ملك الفروله,1,0,0,1,0,0,0,4.693,8657.2,90259.5,2.728,2.728,4.535,0,65.64,10.996748780543925,5.0,0.0,65.52863
grid_35_11,30.1215,31.3345,0.1109,شارع أحمد إسماعيل,,0,0,0,0,0,0,0,5.552,6973.3,72702.6,3.014,3.014,4.533,0,66.1,11.25958061284624,5.0,0.0,65.977295
grid_35_12,30.1215,31.3375,0.1109,شارع عبد المحسن الوسيمي,,0,0,0,0,0,0,0,5.134,6106.9,63670.1,2.919,3.301,4.55,0,65.27,8.625690660445388,5.0,0.0,65.31279
grid_35_13,30.1215,31.3405,0.1109,شارع ماهر بدوي,,0,0,0,0,0,0,0,4.531,5135.1,53537.9,2.631,3.433,4.585,0,64.06,10.828200639222704,7.0,1.0,64.074524
grid_35_14,30.1215,31.3435,0.1109,شارع جسر السويس,,0,0,0,0,0,0,0,2.152,1736.0,18099.3,2.343,3.203,4.637,0,59.3,7.128781058834411,7.0,3.0,59.34122
grid_35_15,30.1215,31.3465,0.1109,Unknown,,0,0,0,0,0,0,0,0.0,696.6,7262.8,2.055,2.984,4.707,0,55.0,0.0,0.0,0.0,54.973602
grid_35_16,30.1215,31.3495,0.1109,Unknown,,0,0,0,0,0,0,0,0.0,647.1,6746.2,1.767,2.778,4.793,0,55.0,0.0,0.0,0.0,54.962074
grid_35_17,30.1215,31.3525,0.1109,طريق البترول,,0,0,0,0,0,0,0,1.583,515.5,5374.1,1.48,2.587,4.895,0,58.17,4.02083939989395,7.0,3.0,58.206852
grid_35_18,30.1215,31.3555,0.1109,طريق البترول,,0,0,0,0,0,0,0,0.247,434.5,4530.2,1.193,2.416,5.011,0,52.21,5.997897989772701,7.0,2.0,52.50613
grid_35_19,30.1215,31.3585,0.1109,كوبرى الحجاز,,0,0,0,0,0,0,0,0.761,404.0,4212.3,0.907,2.269,5.141,1,51.01,4.610856461125183,7.0,2.0,51.082092
grid_35_20,30.1215,31.3615,0.1109,Unknown,,0,0,0,0,0,0,0,1.088,600.9,6265.4,0.624,2.15,5.284,1,57.18,5.439871808269121,7.0,6.0,57.21248
grid_35_21,30.1215,31.3645,0.1109,محور عدلى منصور,Cib; Qnb,3,0,1,0,0,0,2,3.08,805.9,8402.6,0.349,2.065,5.438,1,59.16,7.14138855070871,7.0,2.0,59.133068
grid_35_22,30.1215,31.3675,0.1109,شارع محمد كامل حسين,مستشفى دكتور عادل صادق لعلاج الامراض النفسية و الإدمان; Sanabel market; Casablanca,5,0,2,1,0,0,0,3.476,750.1,7820.5,0.146,2.019,5.602,1,59.2,3.896582468116141,1.0,0.0,59.201424
grid_35_23,30.1215,31.3705,0.1109,شارع هيئه الميناء,البنك الأهلي; مزارع دينا,2,1,0,0,0,0,1,2.955,646.0,6734.8,0.295,2.013,5.777,1,58.91,6.359060476820946,9.0,1.0,58.887722
grid_35_24,30.1215,31.3735,0.1109,شارع جوزيف تيتو الجانبي,مستشفى عين الحياة; مركز طبي النزهة الجديدة,2,0,0,0,0,0,0,0.495,510.4,5321.2,0.565,2.048,5.96,1,55.99,1.515355583728408,9.0,1.0,55.918777
grid_35_25,30.1215,31.3765,0.1109,Unknown,,0,0,0,0,0,0,0,0.0,436.9,4555.6,0.847,2.122,6.152,1,51.89,0.0,0.0,0.0,51.917595
grid_35_26,30.1215,31.3795,0.1109,Unknown,,0,0,0,0,0,0,0,0.0,342.0,3565.3,1.133,2.232,6.35,0,44.96,0.0,0.0,0.0,44.812576
grid_35_27,30.1215,31.3825,0.1109,Unknown,,0,0,0,0,0,0,0,0.0,330.2,3442.2,1.42,2.371,6.556,0,44.1,0.0,0.0,0.0,44.332367
grid_35_28,30.1215,31.3855,0.1109,Unknown,,0,0,0,0,0,0,0,0.0,316.9,3303.8,1.707,2.536,6.747,0,43.13,0.0,0.0,0.0,43.153774
grid_35_29,30.1215,31.3885,0.1109,Unknown,,0,0,0,0,0,0,0,0.0,403.5,4206.4,1.995,2.722,6.935,0,49.44,9.024205302033495,7.0,1.0,49.480476
grid_35_30,30.1215,31.3915,0.1109,طريق المطار,,0,0,0,0,0,0,0,1.941,426.5,4446.4,2.283,2.924,7.129,0,55.01,7.874905066338267,7.0,1.0,54.91897
grid_35_31,30.1215,31.3945,0.1109,طريق المطار,مستسفى المطار للصحة النفسية وعلاج الإدمان,1,0,0,0,0,0,0,1.458,475.2,4954.3,2.571,3.14,7.33,0,57.6,0.2202590505328459,1.0,0.0,57.62931
grid_35_32,30.1215,31.3975,0.1109,طريق المطار,,2,0,0,1,0,0,0,1.357,529.1,5516.0,2.859,3.366,7.371,0,58.96,4.346337433381029,5.0,0.0,58.96136
grid_35_33,30.1215,31.4005,0.1109,Unknown,,0,0,0,0,0,0,0,1.018,471.1,4912.1,3.147,3.602,7.422,0,56.42,9.678303538243815,6.0,0.0,56.41399
grid_35_34,30.1215,31.4035,0.1109,شارع العروبه,,0,0,0,0,0,0,0,1.276,501.1,5223.9,3.435,3.845,7.483,0,57.55,2.60504768791654,5.0,0.0,57.49766
grid_35_35,30.1215,31.4065,0.1109,Unknown,,0,0,0,0,0,0,0,0.954,498.8,5200.9,3.723,4.094,7.555,0,56.91,2.131970541709479,3.0,0.0,56.87113
grid_35_36,30.1215,31.4095,0.1109,Unknown,,0,0,0,0,0,0,0,0.0,324.2,3380.5,4.012,4.347,7.637,0,43.66,0.0,0.0,0.0,43.74076
grid_35_37,30.1215,31.4125,0.1109,Unknown,,0,0,0,0,0,0,0,0.0,214.9,2240.3,4.3,4.605,7.729,0,35.68,0.0,0.0,0.0,35.69614
grid_35_38,30.1215,31.4155,0.1109,Unknown,,0,0,0,0,0,0,0,0.0,225.2,2348.0,4.589,4.866,7.831,0,36.44,0.0,0.0,0.0,36.506172
grid_35_39,30.1215,31.4185,0.1109,Unknown,,0,0,0,0,0,0,0,0.0,192.0,2001.7,4.877,5.13,7.941,0,34.01,0.0,0.0,0.0,33.87717
grid_36_0,30.1245,31.3015,0.1109,شارع التروللي,,0,0,0,0,0,0,0,4.984,12047.7,125611.6,0.178,0.178,5.744,1,64.97,8.864479264396044,5.0,0.0,65.011185
grid_36_1,30.1245,31.3045,0.1109,شارع التروللي,بيم,2,1,0,0,0,0,0,5.162,13360.0,139294.6,0.111,0.111,5.596,1,63.32,10.233190112055144,3.0,0.0,63.313183
grid_36_2,30.1245,31.3075,0.1109,شارع زغلول قليني,,0,0,0,0,0,0,0,4.59,13855.5,144460.8,0.399,0.399,5.459,1,64.18,8.589423945668198,3.0,0.0,64.26284
grid_36_3,30.1245,31.3105,0.1109,شارع عزت باشا,,0,0,0,0,0,0,0,3.485,12981.2,135345.3,0.688,0.688,5.335,1,61.97,6.107122716172358,1.0,0.0,61.926643
grid_36_4,30.1245,31.3135,0.1109,شارع جعفر والي,,0,0,0,0,0,0,0,3.896,12583.8,131201.0,0.976,0.976,5.223,1,62.79,7.03598458962828,3.0,0.0,62.690533
grid_36_5,30.1245,31.3165,0.1109,شارع ترعه الجبل,,0,0,0,0,0,0,0,3.398,12129.8,126467.7,1.265,1.265,5.125,0,61.8,8.121015687842274,3.0,0.0,61.837963
grid_36_6,30.1245,31.3195,0.1109,شارع عين شمس,,0,0,0,0,0,0,0,4.432,10038.9,104667.9,1.554,1.554,5.042,0,63.86,10.631351276359128,5.0,0.0,63.869183
grid_36_7,30.1245,31.3225,0.1109,شارع ابراهيم عبد الرازق,,0,0,0,0,0,0,0,4.444,11781.5,122836.7,1.842,1.842,4.974,0,63.89,8.189496565922607,5.0,0.0,63.878483
grid_36_8,30.1245,31.3255,0.1109,شارع ابراهيم عبد الرازق,,0,0,0,0,0,0,0,2.979,10984.6,114527.5,2.131,2.131,4.922,0,60.96,5.520376606687278,5.0,0.0,60.930218
grid_36_9,30.1245,31.3285,0.1109,شارع يعقوب بطرس,,0,0,0,0,0,0,0,4.656,9652.9,100643.6,2.419,2.419,4.886,0,64.31,8.452963916830438,5.0,0.0,64.393
grid_36_10,30.1245,31.3315,0.1109,شارع حسن سرور,,0,0,0,0,0,0,0,4.745,8584.5,89504.0,2.708,2.708,4.868,0,64.49,9.038412762609592,5.0,0.0,64.440475
grid_36_11,30.1245,31.3345,0.1109,شارع احمد عصمت,,0,0,0,0,0,0,0,5.014,7537.1,78583.3,2.996,2.996,4.866,0,65.03,10.967315448634965,5.0,0.0,65.0104
grid_36_12,30.1245,31.3375,0.1109,شارع احمد عصمت,,0,0,0,0,0,0,0,2.124,5455.9,56884.1,2.954,3.285,4.882,0,59.25,5.246115275260402,5.0,0.0,59.23143
grid_36_13,30.1245,31.3405,0.1109,شارع احمد عصمت,,0,0,0,0,0,0,0,1.293,4371.5,45578.4,2.67,3.573,4.915,0,57.59,2.0496408175791387,5.0,0.0,57.551445
grid_36_14,30.1245,31.3435,0.1109,شارع احمد عرابي,,0,0,0,0,0,0,0,2.512,4865.5,50728.5,2.387,3.423,4.964,0,60.02,7.243120675424755,3.0,0.0,60.02559
grid_36_15,30.1245,31.3465,0.1109,شارع جسر السويس,,0,0,0,0,0,0,0,3.663,4008.4,41792.0,2.105,3.218,5.029,0,62.33,8.750105682260909,7.0,5.0,62.38448
grid_36_16,30.1245,31.3495,0.1109,شارع جسر السويس,,0,0,0,0,0,0,0,1.398,1495.1,15588.3,1.825,3.028,5.11,0,57.8,8.595025972885619,7.0,3.0,57.802467
grid_36_17,30.1245,31.3525,0.1109,Unknown,,0,0,0,0,0,0,0,0.0,507.5,5291.6,1.548,2.854,5.205,0,55.0,0.0,0.0,0.0,54.97715
grid_36_18,30.1245,31.3555,0.1109,طريق البترول,,0,0,0,0,0,0,0,1.466,514.5,5364.2,1.277,2.7,5.315,0,57.93,1.8484266201293,7.0,2.0,58.047592
grid_36_19,30.1245,31.3585,0.1109,طريق البترول,,0,0,0,0,0,0,0,0.673,574.1,5986.0,1.015,2.569,5.437,0,56.35,3.879710418462991,7.0,2.0,56.25648
grid_36_20,30.1245,31.3615,0.1109,طريق البترول,,0,0,0,0,0,0,0,2.525,694.6,7242.4,0.772,2.465,5.572,1,60.05,9.428894497212164,7.0,5.0,59.98112
grid_36_21,30.1245,31.3645,0.1109,محور عدلى منصور,Ngv; Safari market,4,0,3,0,0,0,0,3.894,901.6,9400.1,0.573,2.391,5.719,1,56.79,6.404310238779495,5.0,0.0,56.859257
grid_36_22,30.1245,31.3675,0.1109,شارع المؤرخ محمد رفعت,,1,0,1,0,0,0,0,3.643,907.6,9462.9,0.478,2.351,5.875,1,60.29,3.9707259775661554,1.0,0.0,60.327045
grid_36_23,30.1245,31.3705,0.1109,شارع محمد كامل حسين,الونش; غانم و أولاده; اللؤلؤة; الشمس; قهوة النخيل; الشبراوي,6,2,0,4,0,0,0,3.234,823.0,8580.4,0.542,2.346,6.042,1,62.47,4.021501857316688,1.0,0.0,62.488083
grid_36_24,30.1245,31.3735,0.1109,شارع الفنان صاروخان,,0,0,0,0,0,0,0,2.67,739.8,7712.9,0.725,2.376,6.217,1,60.34,10.483996375443104,9.0,1.0,60.364864
grid_36_25,30.1245,31.3765,0.1109,شارع جوزيف تيتو الجانبي,,0,0,0,0,0,0,0,1.579,592.6,6178.4,0.962,2.441,6.401,1,58.16,2.9236327060800447,8.0,2.0,58.129116
grid_36_26,30.1245,31.3795,0.1109,Unknown,,0,0,0,0,0,0,0,0.0,465.7,4855.9,1.221,2.536,6.592,0,53.99,0.0,0.0,0.0,53.94208
grid_36_27,30.1245,31.3825,0.1109,Unknown,,0,0,0,0,0,0,0,0.0,357.2,3724.3,1.491,2.66,6.79,0,46.07,0.0,0.0,0.0,45.919147
grid_36_28,30.1245,31.3855,0.1109,Unknown,,0,0,0,0,0,0,0,0.0,294.9,3075.0,1.766,2.808,6.995,0,41.52,0.0,0.0,0.0,41.623375
grid_36_29,30.1245,31.3885,0.1109,Unknown,,0,0,0,0,0,0,0,0.0,312.5,3258.6,2.046,2.977,7.188,0,42.81,0.0,0.0,0.0,42.61644
grid_36_30,30.1245,31.3915,0.1109,Unknown,,0,0,0,0,0,0,0,0.0,330.9,3450.1,2.327,3.163,7.376,0,44.15,0.0,0.0,0.0,44.34148
grid_36_31,30.1245,31.3945,0.1109,طريق المطار,,0,0,0,0,0,0,0,0.51,472.7,4928.3,2.61,3.363,7.57,0,55.52,0.7911864770330395,7.0,1.0,55.55635
grid_36_32,30.1245,31.3975,0.1109,طريق المطار,,0,0,0,0,0,0,0,2.094,593.0,6182.3,2.895,3.576,7.701,0,59.19,6.398448144048482,7.0,2.0,59.19462
grid_36_33,30.1245,31.4005,0.1109,طريق المطار,,0,0,0,0,0,0,0,1.941,533.7,5564.9,3.18,3.798,7.749,0,58.88,5.447948079804172,5.0,0.0,58.835587
grid_36_34,30.1245,31.4035,0.1109,شارع العروبه,أير مول; Air Mall,4,0,0,2,0,0,1,1.37,589.9,6150.4,3.465,4.029,7.808,0,60.24,5.89388323654667,5.0,0.0,60.297955
grid_36_35,30.1245,31.4065,0.1109,Unknown,,0,0,0,0,0,0,0,0.216,528.8,5513.7,3.751,4.267,7.877,0,55.43,0.3872102430366567,5.0,0.0,55.480114
grid_36_36,30.1245,31.4095,0.1109,Unknown,,0,0,0,0,0,0,0,0.0,339.1,3536.0,4.037,4.511,7.956,0,44.75,0.0,0.0,0.0,44.82286
grid_36_37,30.1245,31.4125,0.1109,Unknown,,0,0,0,0,0,0,0,0.0,275.8,2875.8,4.324,4.76,8.044,0,40.13,0.0,0.0,0.0,40.15124
grid_36_38,30.1245,31.4155,0.1109,Unknown,,0,0,0,0,0,0,0,0.0,281.1,2930.8,4.611,5.013,8.142,0,40.52,0.0,0.0,0.0,40.33725
grid_36_39,30.1245,31.4185,0.1109,Unknown,,0,0,0,0,0,0,0,0.0,208.5,2173.9,4.809,5.27,8.248,0,35.22,0.0,0.0,0.0,35.331448
grid_37_0,30.1275,31.3015,0.1109,طريق مسطرد القديم,,0,0,0,0,0,0,0,5.577,9578.8,99874.1,0.381,0.381,6.03,1,66.15,3.163345109725433,5.0,0.0,66.0373
grid_37_1,30.1275,31.3045,0.1109,طريق مسطرد القديم,,0,0,0,0,0,0,0,2.351,10756.2,112149.8,0.355,0.355,5.889,1,59.7,8.556031719737918,5.0,0.0,59.663437
grid_37_2,30.1275,31.3075,0.1109,طريق مسطرد القديم,مستشفى النور المحمدى,1,0,0,0,0,0,0,3.255,11022.8,114930.2,0.523,0.523,5.759,1,61.51,7.142412951217369,5.0,0.0,61.49785
grid_37_3,30.1275,31.3105,0.1109,شارع جوبيان,,0,0,0,0,0,0,0,4.916,13156.0,137171.5,0.766,0.766,5.641,1,64.83,8.985738215703549,3.0,0.0,64.84617
grid_37_4,30.1275,31.3135,0.1109,شارع عبد الله باشا,,0,0,0,0,0,0,0,4.829,11397.3,118833.9,1.033,1.033,5.535,0,64.66,7.901329279203795,1.0,0.0,64.628845
grid_37_5,30.1275,31.3165,0.1109,شارع غرب السكه الحديد,,0,0,0,0,0,0,0,4.43,12717.9,132603.5,1.309,1.309,5.443,0,63.86,10.854163819052305,3.0,0.0,63.865257
grid_37_6,30.1275,31.3195,0.1109,شارع عين شمس,,0,0,0,0,0,0,0,3.213,11951.7,124615.3,1.59,1.59,5.364,0,61.43,6.987179840171476,5.0,0.0,61.415447
grid_37_7,30.1275,31.3225,0.1109,شارع الدكتور بقطر,رومانى الجزار; حبيشة; ورشة بدوى إصلاح سبارات,3,0,0,1,0,0,0,4.541,11689.7,121882.7,1.873,1.873,5.3,0,65.33,9.073729300738886,5.0,0.0,65.33843
grid_37_8,30.1275,31.3255,0.1109,شارع محمد فرج,,0,0,0,0,0,0,0,4.362,10851.4,113142.6,2.157,2.157,5.252,0,63.72,8.644467049824236,5.0,0.0,63.59991
grid_37_9,30.1275,31.3285,0.1109,شارع تادرس اسطفانوس,Elsalam Hospital مستشفى السلام,1,0,0,0,0,0,0,4.39,9548.4,99557.3,2.443,2.443,5.219,0,63.78,7.88315535367627,5.0,0.0,63.817657
grid_37_10,30.1275,31.3315,0.1109,شارع عياد واصف,,0,0,0,0,0,0,0,5.114,8743.9,91168.8,2.729,2.729,5.201,0,65.23,9.085240098242654,5.0,0.0,65.21931
grid_37_11,30.1275,31.3345,0.1109,شارع مسجد الرضا,,0,0,0,0,0,0,0,5.361,7509.0,78292.8,3.015,3.015,5.2,0,65.72,9.321298167681936,1.0,0.0,65.83035
grid_37_12,30.1275,31.3375,0.1109,شارع العشرين,,0,0,0,0,0,0,0,3.171,6157.7,64203.8,3.026,3.302,5.215,0,61.34,7.970165869408062,5.0,0.0,61.40336
grid_37_13,30.1275,31.3405,0.1109,شارع حسن حربي,,0,0,0,0,0,0,0,1.184,5200.1,54218.9,2.749,3.589,5.245,0,57.37,1.665444139463341,3.0,0.0,57.400154
grid_37_14,30.1275,31.3435,0.1109,شارع الجمعيه الزراعيه,,0,0,0,0,0,0,0,1.991,5130.1,53489.7,2.475,3.659,5.291,0,58.98,4.067551471691194,3.0,0.0,58.974262
grid_37_15,30.1275,31.3465,0.1109,شارع الخليل ابراهيم,ملك الجمبري,1,0,0,1,0,0,0,5.338,5205.7,54277.1,2.204,3.469,5.352,0,66.93,11.13568100425885,3.0,0.0,66.841255
grid_37_16,30.1275,31.3495,0.1109,شارع الزعيم غاندى,,0,0,0,0,0,0,0,4.486,5043.6,52587.8,1.939,3.293,5.428,0,63.97,10.34204539063766,7.0,1.0,64.073105
grid_37_17,30.1275,31.3525,0.1109,شارع جسر السويس,,0,0,0,0,0,0,0,3.833,3904.7,40712.3,1.681,3.134,5.518,0,62.67,9.650163476889324,7.0,5.0,62.542957
grid_37_18,30.1275,31.3555,0.1109,شارع جسر السويس,,0,0,0,0,0,0,0,4.27,2761.2,28790.3,1.435,2.994,5.622,0,63.54,8.857542048979296,7.0,7.0,63.5639
grid_37_19,30.1275,31.3585,0.1109,شارع جسر السويس,,0,0,0,0,0,0,0,3.01,2037.5,21243.8,1.208,2.876,5.738,0,61.02,8.87461212567611,7.0,7.0,61.00713
grid_37_20,30.1275,31.3615,0.1109,محور عدلى منصور,,1,0,1,0,0,0,0,2.342,1210.9,12625.6,1.013,2.784,5.866,0,57.68,12.91427309312128,7.0,10.0,57.634674
grid_37_21,30.1275,31.3645,0.1109,شارع جسر السويس,Aman,3,0,2,1,0,0,0,1.861,987.6,10297.3,0.871,2.719,6.005,1,55.97,3.115447468021487,7.0,1.0,55.976387
grid_37_22,30.1275,31.3675,0.1109,محور طه حسين,,1,0,1,0,0,0,0,2.232,1115.2,11627.6,0.811,2.684,6.154,1,57.46,6.468326255856294,7.0,2.0,57.40229
grid_37_23,30.1275,31.3705,0.1109,محور طه حسين,دجاج كنتاكي; Pizza Hut,2,0,0,2,0,0,0,2.357,1015.4,10587.3,0.85,2.68,6.314,1,62.21,4.946706675816725,3.0,0.0,62.215195
grid_37_24,30.1275,31.3735,0.1109,محور طه حسين,أكاديمية النزهة الجديده للمساحة ونظم المعلومات; Zamzam supermarket,2,0,0,0,0,1,0,3.572,870.8,9079.0,0.977,2.706,6.482,1,63.39,7.619563126097368,3.0,0.0,63.382896
grid_37_25,30.1275,31.3765,0.1109,شارع المدينة المنورة,,0,0,0,0,0,0,0,3.96,822.0,8570.1,1.164,2.763,6.658,0,62.92,5.573817826841472,1.0,0.0,62.854183
grid_37_26,30.1275,31.3795,0.1109,شارع زهره المدائن,,0,0,0,0,0,0,0,1.56,657.0,6850.4,1.385,2.847,6.842,0,58.12,10.554612747959036,9.0,1.0,58.080677
grid_37_27,30.1275,31.3825,0.1109,شارع جوزيف تيتو الجانبي,,0,0,0,0,0,0,0,0.764,551.8,5753.4,1.628,2.958,7.033,0,56.53,0.0,0.0,0.0,56.524345
grid_37_28,30.1275,31.3855,0.1109,Unknown,,0,0,0,0,0,0,0,0.0,416.9,4346.7,1.884,3.092,7.231,0,50.43,0.0,0.0,0.0,50.508785
grid_37_29,30.1275,31.3885,0.1109,Unknown,,0,0,0,0,0,0,0,0.0,338.0,3523.9,2.148,3.246,7.434,0,44.67,0.0,0.0,0.0,44.74623
grid_37_30,30.1275,31.3915,0.1109,Unknown,,0,0,0,0,0,0,0,0.0,376.9,3929.7,2.418,3.417,7.629,0,47.51,0.0,0.0,0.0,47.363125
grid_37_31,30.1275,31.3945,0.1109,Unknown,,0,0,0,0,0,0,0,0.0,468.9,4889.0,2.691,3.603,7.817,0,54.22,0.0,0.0,0.0,54.359093
grid_37_32,30.1275,31.3975,0.1109,Unknown,,0,0,0,0,0,0,0,0.0,639.0,6662.3,2.968,3.803,8.011,0,55.0,0.0,0.0,0.0,54.984356
grid_37_33,30.1275,31.4005,0.1109,طريق المطار,,0,0,0,0,0,0,0,1.031,615.9,6421.2,3.246,4.013,8.077,0,57.06,2.495210811436509,3.0,0.0,57.07942
grid_37_34,30.1275,31.4035,0.1109,Unknown,Egyptair Hospital,3,0,0,2,0,0,0,0.473,621.3,6477.6,3.526,4.232,8.134,0,58.45,0.0,0.0,0.0,58.456272
grid_37_35,30.1275,31.4065,0.1109,Unknown,,0,0,0,0,0,0,0,0.0,580.7,6055.1,3.808,4.459,8.2,0,55.0,0.0,0.0,0.0,54.8746
grid_37_36,30.1275,31.4095,0.1109,Unknown,,0,0,0,0,0,0,0,0.0,406.3,4236.4,4.061,4.693,8.276,0,49.65,0.0,0.0,0.0,49.66919
grid_37_37,30.1275,31.4125,0.1109,Unknown,,0,0,0,0,0,0,0,0.0,377.6,3937.1,4.208,4.933,8.361,0,47.56,0.0,0.0,0.0,47.591427
grid_37_38,30.1275,31.4155,0.1109,Unknown,,0,0,0,0,0,0,0,0.0,329.4,3435.0,4.37,5.178,8.455,0,44.05,0.0,0.0,0.0,44.00393
grid_37_39,30.1275,31.4185,0.1109,Unknown,,0,0,0,0,0,0,0,0.0,222.2,2316.9,4.544,5.427,8.557,0,36.22,0.0,0.0,0.0,36.273518
grid_38_0,30.1305,31.3015,0.1109,شارع المعتصم بالله,,0,0,0,0,0,0,0,1.578,6964.3,72615.8,0.694,0.694,6.319,1,58.16,0.0,0.0,0.0,58.132187
grid_38_1,30.1305,31.3045,0.1109,Unknown,,0,0,0,0,0,0,0,0.0,8840.4,92177.1,0.68,0.68,6.185,1,55.0,0.0,0.0,0.0,55.032238
grid_38_2,30.1305,31.3075,0.1109,شارع المسله,مدرسة عمار بن ياسر,1,0,0,0,0,1,0,0.243,10911.9,113777.0,0.781,0.781,6.062,1,56.74,3.313591058241672,5.0,0.0,56.757797
grid_38_3,30.1305,31.3105,0.1109,شارع المسله,,0,0,0,0,0,0,0,2.704,12859.9,134088.8,0.961,0.961,5.949,1,60.41,11.223422369466183,5.0,0.0,60.38258
grid_38_4,30.1305,31.3135,0.1109,شارع التروللي,,0,0,0,0,0,0,0,3.021,13350.6,139205.2,1.185,1.185,5.849,0,61.04,12.17529780562002,3.0,0.0,61.043476
grid_38_5,30.1305,31.3165,0.1109,شارع ترعه الجبل,,0,0,0,0,0,0,0,2.096,13577.8,141573.6,1.432,1.432,5.762,0,59.19,10.241411029087562,3.0,0.0,59.203266
grid_38_6,30.1305,31.3195,0.1109,شارع غرب السكه الحديد,Bright dental center,1,0,0,0,0,0,0,2.412,11862.7,123690.8,1.692,1.692,5.688,0,59.82,8.050653820476981,3.0,0.0,59.826504
grid_38_7,30.1305,31.3225,0.1109,شارع عين شمس,,0,0,0,0,0,0,0,2.438,9770.4,101874.5,1.96,1.96,5.628,0,59.88,8.588122510793188,5.0,0.0,59.861973
grid_38_8,30.1305,31.3255,0.1109,شارع صدقي,,0,0,0,0,0,0,0,1.823,11715.3,122154.2,2.234,2.234,5.582,0,58.65,7.9765080587592,3.0,0.0,58.621918
grid_38_9,30.1305,31.3285,0.1109,شارع دير ياس,,0,0,0,0,0,0,0,2.244,9886.6,103086.4,2.51,2.51,5.551,0,59.49,7.673935162426272,3.0,0.0,59.479538
grid_38_10,30.1305,31.3315,0.1109,شارع عبد العزيز عبد الدايم,,0,0,0,0,0,0,0,0.951,9084.8,94726.1,2.789,2.789,5.535,0,56.9,3.632136959345104,3.0,0.0,56.898037
grid_38_11,30.1305,31.3345,0.1109,شارع مسجد نور الاسلام,,0,0,0,0,0,0,0,2.237,9004.0,93883.6,3.07,3.07,5.533,0,59.47,9.101682983847372,3.0,0.0,59.46459
grid_38_12,30.1305,31.3375,0.1109,شارع العشرين,,0,0,0,0,0,0,0,2.506,7762.6,80939.5,3.132,3.352,5.547,0,60.01,12.758457378420546,5.0,0.0,60.03242
grid_38_13,30.1305,31.3405,0.1109,شارع محمد ابو النجا,,0,0,0,0,0,0,0,3.125,7591.4,79154.5,2.865,3.636,5.576,0,61.25,11.397635856801282,3.0,0.0,61.220276
grid_38_14,30.1305,31.3435,0.1109,شارع السيدة خديجة,,0,0,0,0,0,0,0,3.079,7307.3,76192.7,2.603,3.91,5.619,0,61.16,10.470988492254842,3.0,0.0,61.16436
grid_38_15,30.1305,31.3465,0.1109,شارع احمد عرابي,,0,0,0,0,0,0,0,3.191,6532.9,68117.7,2.348,3.732,5.677,0,61.38,12.03960331631511,3.0,0.0,61.417427
grid_38_16,30.1305,31.3495,0.1109,شارع الوحدة العربيه,,0,0,0,0,0,0,0,3.382,6918.6,72139.3,2.1,3.569,5.749,0,61.76,10.519294068742198,3.0,0.0,61.7219
grid_38_17,30.1305,31.3525,0.1109,شارع عيد ابو معتق,,0,0,0,0,0,0,0,3.479,5962.9,62174.2,1.865,3.423,5.834,0,61.96,9.87632243571912,1.0,0.0,62.011723
grid_38_18,30.1305,31.3555,0.1109,شارع عبد الحليم محمود,,0,0,0,0,0,0,0,3.426,6001.5,62576.4,1.647,3.296,5.932,0,61.85,8.178311255685612,1.0,0.0,61.905098
grid_38_19,30.1305,31.3585,0.1109,شارع محطه الكهرباء,,0,0,0,0,0,0,0,0.945,6911.3,72063.6,1.453,3.189,6.042,0,56.89,2.6570494182147404,3.0,0.0,56.893085
grid_38_20,30.1305,31.3615,0.1109,محور عدلى منصور,,1,0,0,0,0,0,0,1.81,6351.1,66222.1,1.295,3.106,6.163,0,58.62,9.14049815868425,5.0,0.0,58.531742
grid_38_21,30.1305,31.3645,0.1109,شارع سكه البترول,,0,0,0,0,0,0,0,0.564,4094.6,42693.5,1.187,3.048,6.296,0,56.13,10.290985875037553,5.0,0.0,56.141285
grid_38_22,30.1305,31.3675,0.1109,شارع جسر السويس,,0,0,0,0,0,0,0,1.387,3885.0,40508.1,1.144,3.017,6.439,0,57.77,6.559136145863406,7.0,1.0,57.785328
grid_38_23,30.1305,31.3705,0.1109,شارع جسر السويس,,1,0,0,0,0,0,0,0.75,2794.3,29135.5,1.173,3.013,6.591,0,56.5,5.862050840427578,7.0,5.0,56.515682
grid_38_24,30.1305,31.3735,0.1109,شارع الانشراح,,0,0,0,0,0,0,0,1.143,1429.7,14907.3,1.268,3.036,6.752,0,57.29,7.919689851740434,7.0,4.0,57.254093
grid_38_25,30.1305,31.3765,0.1109,محور طه حسين,العثيم قباء,1,1,0,0,0,0,0,2.388,888.2,9261.3,1.416,3.087,6.922,0,57.78,6.119685005102936,7.0,2.0,57.740555
grid_38_26,30.1305,31.3795,0.1109,محور طه حسين,,0,0,0,0,0,0,0,1.303,841.6,8775.4,1.604,3.163,7.099,0,57.61,2.2794382069506414,3.0,0.0,57.5649
grid_38_27,30.1305,31.3825,0.1109,محور طه حسين,,0,0,0,0,0,0,0,1.081,735.4,7667.8,1.817,3.263,7.283,0,57.16,34.17488212202041,9.0,2.0,57.14974
grid_38_28,30.1305,31.3855,0.1109,محور طه حسين,,0,0,0,0,0,0,0,0.55,605.4,6312.7,2.05,3.385,7.474,0,56.1,1.5456862699850722,3.0,0.0,56.136425
grid_38_29,30.1305,31.3885,0.1109,Unknown,,0,0,0,0,0,0,0,0.0,464.0,4838.2,2.295,3.526,7.671,0,53.87,0.0,0.0,0.0,53.90911
grid_38_30,30.1305,31.3915,0.1109,Unknown,,0,0,0,0,0,0,0,0.0,416.7,4344.9,2.549,3.684,7.874,0,50.41,0.0,0.0,0.0,50.297577
grid_38_31,30.1305,31.3945,0.1109,Unknown,,0,0,0,0,0,0,0,0.0,450.6,4697.9,2.81,3.858,8.07,0,52.89,0.0,0.0,0.0,52.84656
grid_38_32,30.1305,31.3975,0.1109,Unknown,,0,0,0,0,0,0,0,0.0,573.5,5979.9,3.076,4.044,8.258,0,55.0,0.0,0.0,0.0,54.998486
grid_38_33,30.1305,31.4005,0.1109,Unknown,,0,0,0,0,0,0,0,0.0,649.8,6775.4,3.345,4.243,8.406,0,55.0,0.0,0.0,0.0,54.99949
grid_38_34,30.1305,31.4035,0.1109,Unknown,,0,0,0,0,0,0,0,0.0,532.3,5550.4,3.507,4.451,8.46,0,55.0,0.0,0.0,0.0,54.99888
grid_38_35,30.1305,31.4065,0.1109,Unknown,,0,0,0,0,0,0,0,0.0,423.3,4414.0,3.631,4.667,8.524,0,50.9,0.0,0.0,0.0,51.018974
grid_38_36,30.1305,31.4095,0.1109,Unknown,,0,0,0,0,0,0,0,0.0,366.9,3825.2,3.773,4.891,8.596,0,46.78,0.0,0.0,0.0,46.824
grid_38_37,30.1305,31.4125,0.1109,Unknown,,0,0,0,0,0,0,0,0.0,369.7,3855.2,3.931,5.122,8.678,0,46.99,0.0,0.0,0.0,46.92798
grid_38_38,30.1305,31.4155,0.1109,Unknown,,0,0,0,0,0,0,0,0.0,344.2,3589.4,4.103,5.358,8.769,0,45.13,0.0,0.0,0.0,45.075592
grid_38_39,30.1305,31.4185,0.1109,Unknown,,0,0,0,0,0,0,0,0.0,219.6,2289.4,4.288,5.599,8.868,0,36.03,1.7777446614254315,7.0,4.0,36.05322
